2026-05-31 12:55:23 | INFO     | bot                    | ============================================================
2026-05-31 12:55:23 | INFO     | bot                    | NexusTrade Bot Starting
2026-05-31 12:55:23 | INFO     | bot                    | Mode: DEMO
2026-05-31 12:55:23 | INFO     | bot                    | Markets: R_100, R_75, R_50, R_25
2026-05-31 12:55:23 | INFO     | bot                    | ============================================================
2026-05-31 12:55:23 | INFO     | db.trade_logger        | Database initialized: data/nexustrade.db
2026-05-31 12:55:23 | INFO     | core.deriv_client      | Connecting to Deriv API (DEMO)...
2026-05-31 12:55:24 | ERROR    | core.deriv_client      | Connection error: 'ClientConnection' object has no attribute 'open'
2026-05-31 12:55:24 | WARNING  | bot                    | API disconnected — awaiting reconnect
2026-05-31 12:55:24 | INFO     | core.deriv_client      | Reconnecting in 1s (attempt 1)...
2026-05-31 12:55:26 | ERROR    | core.deriv_client      | Connection error: 'ClientConnection' object has no attribute 'open'
2026-05-31 12:55:26 | WARNING  | bot                    | API disconnected — awaiting reconnect
2026-05-31 12:55:26 | INFO     | core.deriv_client      | Reconnecting in 1s (attempt 1)...
2026-05-31 12:55:29 | ERROR    | core.deriv_client      | Connection error: 'ClientConnection' object has no attribute 'open'
2026-05-31 12:55:29 | WARNING  | bot                    | API disconnected — awaiting reconnect
2026-05-31 12:55:29 | INFO     | core.deriv_client      | Reconnecting in 1s (attempt 1)...
2026-05-31 12:55:31 | ERROR    | core.deriv_client      | Connection error: 'ClientConnection' object has no attribute 'open'
2026-05-31 12:55:31 | WARNING  | bot                    | API disconnected — awaiting reconnect
2026-05-31 12:55:31 | INFO     | core.deriv_client      | Reconnecting in 1s (attempt 1)...
2026-05-31 12:55:33 | ERROR    | core.deriv_client      | Connection error: 'ClientConnection' object has no attribute 'open'
2026-05-31 12:55:33 | WARNING  | bot                    | API disconnected — awaiting reconnect
2026-05-31 12:55:33 | INFO     | core.deriv_client      | Reconnecting in 1s (attempt 1)...
2026-05-31 12:55:35 | ERROR    | core.deriv_client      | Connection error: 'ClientConnection' object has no attribute 'open'
2026-05-31 12:55:35 | WARNING  | bot                    | API disconnected — awaiting reconnect
2026-05-31 12:55:35 | INFO     | core.deriv_client      | Reconnecting in 1s (attempt 1)...
2026-05-31 12:55:42 | ERROR    | core.deriv_client      | Connection error: 'ClientConnection' object has no attribute 'open'
2026-05-31 12:55:42 | WARNING  | bot                    | API disconnected — awaiting reconnect
2026-05-31 12:55:42 | INFO     | core.deriv_client      | Reconnecting in 1s (attempt 1)...
2026-05-31 12:55:44 | ERROR    | core.deriv_client      | Connection error: 'ClientConnection' object has no attribute 'open'
2026-05-31 12:55:44 | WARNING  | bot                    | API disconnected — awaiting reconnect
2026-05-31 12:55:44 | INFO     | core.deriv_client      | Reconnecting in 1s (attempt 1)...
2026-05-31 12:55:47 | ERROR    | core.deriv_client      | Connection error: 'ClientConnection' object has no attribute 'open'
2026-05-31 12:55:47 | WARNING  | bot                    | API disconnected — awaiting reconnect
2026-05-31 12:55:47 | INFO     | core.deriv_client      | Reconnecting in 1s (attempt 1)...
2026-05-31 12:55:50 | ERROR    | core.deriv_client      | Connection error: 'ClientConnection' object has no attribute 'open'
2026-05-31 12:55:50 | WARNING  | bot                    | API disconnected — awaiting reconnect
2026-05-31 12:55:50 | INFO     | core.deriv_client      | Reconnecting in 1s (attempt 1)...
2026-05-31 12:55:52 | ERROR    | core.deriv_client      | Connection error: 'ClientConnection' object has no attribute 'open'
2026-05-31 12:55:52 | WARNING  | bot                    | API disconnected — awaiting reconnect
2026-05-31 12:55:52 | INFO     | core.deriv_client      | Reconnecting in 1s (attempt 1)...
2026-05-31 12:55:55 | ERROR    | core.deriv_client      | Connection error: 'ClientConnection' object has no attribute 'open'
2026-05-31 12:55:55 | WARNING  | bot                    | API disconnected — awaiting reconnect
2026-05-31 12:55:55 | INFO     | core.deriv_client      | Reconnecting in 1s (attempt 1)...
2026-05-31 12:56:04 | ERROR    | core.deriv_client      | Connection error: 'ClientConnection' object has no attribute 'open'
2026-05-31 12:56:04 | WARNING  | bot                    | API disconnected — awaiting reconnect
2026-05-31 12:56:04 | INFO     | core.deriv_client      | Reconnecting in 1s (attempt 1)...
2026-05-31 12:56:06 | ERROR    | core.deriv_client      | Connection error: 'ClientConnection' object has no attribute 'open'
2026-05-31 12:56:06 | WARNING  | bot                    | API disconnected — awaiting reconnect
2026-05-31 12:56:06 | INFO     | core.deriv_client      | Reconnecting in 1s (attempt 1)...
2026-05-31 12:56:08 | ERROR    | core.deriv_client      | Connection error: 'ClientConnection' object has no attribute 'open'
2026-05-31 12:56:08 | WARNING  | bot                    | API disconnected — awaiting reconnect
2026-05-31 12:56:08 | INFO     | core.deriv_client      | Reconnecting in 1s (attempt 1)...
2026-05-31 12:56:11 | ERROR    | core.deriv_client      | Connection error: 'ClientConnection' object has no attribute 'open'
2026-05-31 12:56:11 | WARNING  | bot                    | API disconnected — awaiting reconnect
2026-05-31 12:56:11 | INFO     | core.deriv_client      | Reconnecting in 1s (attempt 1)...
2026-05-31 12:56:13 | ERROR    | core.deriv_client      | Connection error: 'ClientConnection' object has no attribute 'open'
2026-05-31 12:56:13 | WARNING  | bot                    | API disconnected — awaiting reconnect
2026-05-31 12:56:13 | INFO     | core.deriv_client      | Reconnecting in 1s (attempt 1)...
2026-05-31 12:56:15 | ERROR    | core.deriv_client      | Connection error: 'ClientConnection' object has no attribute 'open'
2026-05-31 12:56:15 | WARNING  | bot                    | API disconnected — awaiting reconnect
2026-05-31 12:56:15 | INFO     | core.deriv_client      | Reconnecting in 1s (attempt 1)...
2026-05-31 12:56:17 | ERROR    | core.deriv_client      | Connection error: 'ClientConnection' object has no attribute 'open'
2026-05-31 12:56:17 | WARNING  | bot                    | API disconnected — awaiting reconnect
2026-05-31 12:56:17 | INFO     | core.deriv_client      | Reconnecting in 1s (attempt 1)...
2026-05-31 12:56:20 | ERROR    | core.deriv_client      | Connection error: 'ClientConnection' object has no attribute 'open'
2026-05-31 12:56:20 | WARNING  | bot                    | API disconnected — awaiting reconnect
2026-05-31 12:56:20 | INFO     | core.deriv_client      | Reconnecting in 1s (attempt 1)...
2026-05-31 12:56:22 | ERROR    | core.deriv_client      | Connection error: 'ClientConnection' object has no attribute 'open'
2026-05-31 12:56:22 | WARNING  | bot                    | API disconnected — awaiting reconnect
2026-05-31 12:56:22 | INFO     | core.deriv_client      | Reconnecting in 1s (attempt 1)...
2026-05-31 12:56:24 | ERROR    | core.deriv_client      | Connection error: 'ClientConnection' object has no attribute 'open'
2026-05-31 12:56:24 | WARNING  | bot                    | API disconnected — awaiting reconnect
2026-05-31 12:56:24 | INFO     | core.deriv_client      | Reconnecting in 1s (attempt 1)...
2026-05-31 12:56:26 | ERROR    | core.deriv_client      | Connection error: 'ClientConnection' object has no attribute 'open'
2026-05-31 12:56:26 | WARNING  | bot                    | API disconnected — awaiting reconnect
2026-05-31 12:56:26 | INFO     | core.deriv_client      | Reconnecting in 1s (attempt 1)...
2026-05-31 12:56:28 | ERROR    | core.deriv_client      | Connection error: 'ClientConnection' object has no attribute 'open'
2026-05-31 12:56:28 | WARNING  | bot                    | API disconnected — awaiting reconnect
2026-05-31 12:56:28 | INFO     | core.deriv_client      | Reconnecting in 1s (attempt 1)...
2026-05-31 12:56:31 | ERROR    | core.deriv_client      | Connection error: 'ClientConnection' object has no attribute 'open'
2026-05-31 12:56:31 | WARNING  | bot                    | API disconnected — awaiting reconnect
2026-05-31 12:56:31 | INFO     | core.deriv_client      | Reconnecting in 1s (attempt 1)...
2026-05-31 12:56:33 | ERROR    | core.deriv_client      | Connection error: 'ClientConnection' object has no attribute 'open'
2026-05-31 12:56:33 | WARNING  | bot                    | API disconnected — awaiting reconnect
2026-05-31 12:56:33 | INFO     | core.deriv_client      | Reconnecting in 1s (attempt 1)...
2026-05-31 12:56:35 | ERROR    | core.deriv_client      | Connection error: 'ClientConnection' object has no attribute 'open'
2026-05-31 12:56:35 | WARNING  | bot                    | API disconnected — awaiting reconnect
2026-05-31 12:56:35 | INFO     | core.deriv_client      | Reconnecting in 1s (attempt 1)...
2026-05-31 12:56:37 | ERROR    | core.deriv_client      | Connection error: 'ClientConnection' object has no attribute 'open'
2026-05-31 12:56:37 | WARNING  | bot                    | API disconnected — awaiting reconnect
2026-05-31 12:56:37 | INFO     | core.deriv_client      | Reconnecting in 1s (attempt 1)...
2026-05-31 12:56:39 | ERROR    | core.deriv_client      | Connection error: 'ClientConnection' object has no attribute 'open'
2026-05-31 12:56:39 | WARNING  | bot                    | API disconnected — awaiting reconnect
2026-05-31 12:56:39 | INFO     | core.deriv_client      | Reconnecting in 1s (attempt 1)...
2026-05-31 12:56:41 | ERROR    | core.deriv_client      | Connection error: 'ClientConnection' object has no attribute 'open'
2026-05-31 12:56:41 | WARNING  | bot                    | API disconnected — awaiting reconnect
2026-05-31 12:56:41 | INFO     | core.deriv_client      | Reconnecting in 1s (attempt 1)...
2026-05-31 12:56:44 | ERROR    | core.deriv_client      | Connection error: 'ClientConnection' object has no attribute 'open'
2026-05-31 12:56:44 | WARNING  | bot                    | API disconnected — awaiting reconnect
2026-05-31 12:56:44 | INFO     | core.deriv_client      | Reconnecting in 1s (attempt 1)...
2026-05-31 12:56:46 | ERROR    | core.deriv_client      | Connection error: 'ClientConnection' object has no attribute 'open'
2026-05-31 12:56:46 | WARNING  | bot                    | API disconnected — awaiting reconnect
2026-05-31 12:56:46 | INFO     | core.deriv_client      | Reconnecting in 1s (attempt 1)...
2026-05-31 12:56:48 | ERROR    | core.deriv_client      | Connection error: 'ClientConnection' object has no attribute 'open'
2026-05-31 12:56:48 | WARNING  | bot                    | API disconnected — awaiting reconnect
2026-05-31 12:56:48 | INFO     | core.deriv_client      | Reconnecting in 1s (attempt 1)...
2026-05-31 12:56:50 | ERROR    | core.deriv_client      | Connection error: 'ClientConnection' object has no attribute 'open'
2026-05-31 12:56:50 | WARNING  | bot                    | API disconnected — awaiting reconnect
2026-05-31 12:56:50 | INFO     | core.deriv_client      | Reconnecting in 1s (attempt 1)...
2026-05-31 12:56:53 | ERROR    | core.deriv_client      | Connection error: 'ClientConnection' object has no attribute 'open'
2026-05-31 12:56:53 | WARNING  | bot                    | API disconnected — awaiting reconnect
2026-05-31 12:56:53 | INFO     | core.deriv_client      | Reconnecting in 1s (attempt 1)...
2026-05-31 12:56:55 | ERROR    | core.deriv_client      | Connection error: 'ClientConnection' object has no attribute 'open'
2026-05-31 12:56:55 | WARNING  | bot                    | API disconnected — awaiting reconnect
2026-05-31 12:56:55 | INFO     | core.deriv_client      | Reconnecting in 1s (attempt 1)...
2026-05-31 12:56:57 | ERROR    | core.deriv_client      | Connection error: 'ClientConnection' object has no attribute 'open'
2026-05-31 12:56:57 | WARNING  | bot                    | API disconnected — awaiting reconnect
2026-05-31 12:56:57 | INFO     | core.deriv_client      | Reconnecting in 1s (attempt 1)...
2026-05-31 12:56:59 | ERROR    | core.deriv_client      | Connection error: 'ClientConnection' object has no attribute 'open'
2026-05-31 12:56:59 | WARNING  | bot                    | API disconnected — awaiting reconnect
2026-05-31 12:56:59 | INFO     | core.deriv_client      | Reconnecting in 1s (attempt 1)...
2026-05-31 12:56:59 | INFO     | bot                    | Shutting down NexusTrade...
2026-05-31 12:56:59 | INFO     | bot                    | Shutdown complete.
2026-05-31 12:57:02 | INFO     | bot                    | Shutting down NexusTrade...
2026-05-31 12:57:02 | INFO     | bot                    | Shutdown complete.
2026-05-31 12:58:33 | INFO     | bot                    | Shutting down NexusTrade...
2026-05-31 12:58:33 | INFO     | bot                    | Shutdown complete.
2026-05-31 12:58:33 | INFO     | bot                    | Shutting down NexusTrade...
2026-05-31 12:58:33 | INFO     | bot                    | Shutdown complete.
2026-05-31 12:58:34 | INFO     | bot                    | Shutting down NexusTrade...
2026-05-31 12:58:34 | INFO     | bot                    | Shutdown complete.
2026-05-31 12:58:34 | INFO     | bot                    | Shutting down NexusTrade...
2026-05-31 12:58:34 | INFO     | bot                    | Shutdown complete.
2026-05-31 12:58:54 | INFO     | __main__               | ============================================================
2026-05-31 12:58:54 | INFO     | __main__               | NexusTrade Bot Starting
2026-05-31 12:58:54 | INFO     | __main__               | Mode: DEMO
2026-05-31 12:58:54 | INFO     | __main__               | Markets: R_100, R_75, R_50, R_25
2026-05-31 12:58:54 | INFO     | __main__               | ============================================================
2026-05-31 12:58:54 | INFO     | db.trade_logger        | Database initialized: data/nexustrade.db
2026-05-31 12:58:54 | INFO     | core.deriv_client      | Connecting to Deriv API (DEMO)...
2026-05-31 12:58:55 | ERROR    | core.deriv_client      | Connection error: 'ClientConnection' object has no attribute 'open'
2026-05-31 12:58:55 | WARNING  | __main__               | API disconnected — awaiting reconnect
2026-05-31 12:58:55 | INFO     | core.deriv_client      | Reconnecting in 1s (attempt 1)...
2026-05-31 12:59:03 | ERROR    | core.deriv_client      | Connection error: 'ClientConnection' object has no attribute 'open'
2026-05-31 12:59:03 | WARNING  | __main__               | API disconnected — awaiting reconnect
2026-05-31 12:59:03 | INFO     | core.deriv_client      | Reconnecting in 1s (attempt 1)...
2026-05-31 12:59:05 | ERROR    | core.deriv_client      | Connection error: 'ClientConnection' object has no attribute 'open'
2026-05-31 12:59:05 | WARNING  | __main__               | API disconnected — awaiting reconnect
2026-05-31 12:59:05 | INFO     | core.deriv_client      | Reconnecting in 1s (attempt 1)...
2026-05-31 12:59:07 | ERROR    | core.deriv_client      | Connection error: 'ClientConnection' object has no attribute 'open'
2026-05-31 12:59:07 | WARNING  | __main__               | API disconnected — awaiting reconnect
2026-05-31 12:59:07 | INFO     | core.deriv_client      | Reconnecting in 1s (attempt 1)...
2026-05-31 12:59:09 | ERROR    | core.deriv_client      | Connection error: 'ClientConnection' object has no attribute 'open'
2026-05-31 12:59:09 | WARNING  | __main__               | API disconnected — awaiting reconnect
2026-05-31 12:59:09 | INFO     | core.deriv_client      | Reconnecting in 1s (attempt 1)...
2026-05-31 12:59:12 | ERROR    | core.deriv_client      | Connection error: 'ClientConnection' object has no attribute 'open'
2026-05-31 12:59:12 | WARNING  | __main__               | API disconnected — awaiting reconnect
2026-05-31 12:59:12 | INFO     | core.deriv_client      | Reconnecting in 1s (attempt 1)...
2026-05-31 12:59:14 | ERROR    | core.deriv_client      | Connection error: 'ClientConnection' object has no attribute 'open'
2026-05-31 12:59:14 | WARNING  | __main__               | API disconnected — awaiting reconnect
2026-05-31 12:59:14 | INFO     | core.deriv_client      | Reconnecting in 1s (attempt 1)...
2026-05-31 12:59:16 | ERROR    | core.deriv_client      | Connection error: 'ClientConnection' object has no attribute 'open'
2026-05-31 12:59:16 | WARNING  | __main__               | API disconnected — awaiting reconnect
2026-05-31 12:59:16 | INFO     | core.deriv_client      | Reconnecting in 1s (attempt 1)...
2026-05-31 12:59:18 | ERROR    | core.deriv_client      | Connection error: 'ClientConnection' object has no attribute 'open'
2026-05-31 12:59:18 | WARNING  | __main__               | API disconnected — awaiting reconnect
2026-05-31 12:59:18 | INFO     | core.deriv_client      | Reconnecting in 1s (attempt 1)...
2026-05-31 12:59:21 | ERROR    | core.deriv_client      | Connection error: 'ClientConnection' object has no attribute 'open'
2026-05-31 12:59:21 | WARNING  | __main__               | API disconnected — awaiting reconnect
2026-05-31 12:59:21 | INFO     | core.deriv_client      | Reconnecting in 1s (attempt 1)...
2026-05-31 12:59:23 | ERROR    | core.deriv_client      | Connection error: 'ClientConnection' object has no attribute 'open'
2026-05-31 12:59:23 | WARNING  | __main__               | API disconnected — awaiting reconnect
2026-05-31 12:59:23 | INFO     | core.deriv_client      | Reconnecting in 1s (attempt 1)...
2026-05-31 12:59:25 | ERROR    | core.deriv_client      | Connection error: 'ClientConnection' object has no attribute 'open'
2026-05-31 12:59:25 | WARNING  | __main__               | API disconnected — awaiting reconnect
2026-05-31 12:59:25 | INFO     | core.deriv_client      | Reconnecting in 1s (attempt 1)...
2026-05-31 12:59:28 | ERROR    | core.deriv_client      | Connection error: 'ClientConnection' object has no attribute 'open'
2026-05-31 12:59:28 | WARNING  | __main__               | API disconnected — awaiting reconnect
2026-05-31 12:59:28 | INFO     | core.deriv_client      | Reconnecting in 1s (attempt 1)...
2026-05-31 12:59:30 | ERROR    | core.deriv_client      | Connection error: 'ClientConnection' object has no attribute 'open'
2026-05-31 12:59:30 | WARNING  | __main__               | API disconnected — awaiting reconnect
2026-05-31 12:59:30 | INFO     | core.deriv_client      | Reconnecting in 1s (attempt 1)...
2026-05-31 12:59:32 | ERROR    | core.deriv_client      | Connection error: 'ClientConnection' object has no attribute 'open'
2026-05-31 12:59:32 | WARNING  | __main__               | API disconnected — awaiting reconnect
2026-05-31 12:59:32 | INFO     | core.deriv_client      | Reconnecting in 1s (attempt 1)...
2026-05-31 12:59:34 | ERROR    | core.deriv_client      | Connection error: 'ClientConnection' object has no attribute 'open'
2026-05-31 12:59:34 | WARNING  | __main__               | API disconnected — awaiting reconnect
2026-05-31 12:59:34 | INFO     | core.deriv_client      | Reconnecting in 1s (attempt 1)...
2026-05-31 12:59:36 | ERROR    | core.deriv_client      | Connection error: 'ClientConnection' object has no attribute 'open'
2026-05-31 12:59:36 | WARNING  | __main__               | API disconnected — awaiting reconnect
2026-05-31 12:59:36 | INFO     | core.deriv_client      | Reconnecting in 1s (attempt 1)...
2026-05-31 12:59:39 | ERROR    | core.deriv_client      | Connection error: 'ClientConnection' object has no attribute 'open'
2026-05-31 12:59:39 | WARNING  | __main__               | API disconnected — awaiting reconnect
2026-05-31 12:59:39 | INFO     | core.deriv_client      | Reconnecting in 1s (attempt 1)...
2026-05-31 12:59:41 | ERROR    | core.deriv_client      | Connection error: 'ClientConnection' object has no attribute 'open'
2026-05-31 12:59:41 | WARNING  | __main__               | API disconnected — awaiting reconnect
2026-05-31 12:59:41 | INFO     | core.deriv_client      | Reconnecting in 1s (attempt 1)...
2026-05-31 12:59:43 | ERROR    | core.deriv_client      | Connection error: 'ClientConnection' object has no attribute 'open'
2026-05-31 12:59:43 | WARNING  | __main__               | API disconnected — awaiting reconnect
2026-05-31 12:59:43 | INFO     | core.deriv_client      | Reconnecting in 1s (attempt 1)...
2026-05-31 12:59:45 | ERROR    | core.deriv_client      | Connection error: 'ClientConnection' object has no attribute 'open'
2026-05-31 12:59:45 | WARNING  | __main__               | API disconnected — awaiting reconnect
2026-05-31 12:59:45 | INFO     | core.deriv_client      | Reconnecting in 1s (attempt 1)...
2026-05-31 12:59:47 | ERROR    | core.deriv_client      | Connection error: 'ClientConnection' object has no attribute 'open'
2026-05-31 12:59:47 | WARNING  | __main__               | API disconnected — awaiting reconnect
2026-05-31 12:59:47 | INFO     | core.deriv_client      | Reconnecting in 1s (attempt 1)...
2026-05-31 12:59:50 | ERROR    | core.deriv_client      | Connection error: 'ClientConnection' object has no attribute 'open'
2026-05-31 12:59:50 | WARNING  | __main__               | API disconnected — awaiting reconnect
2026-05-31 12:59:50 | INFO     | core.deriv_client      | Reconnecting in 1s (attempt 1)...
2026-05-31 12:59:52 | ERROR    | core.deriv_client      | Connection error: 'ClientConnection' object has no attribute 'open'
2026-05-31 12:59:52 | WARNING  | __main__               | API disconnected — awaiting reconnect
2026-05-31 12:59:52 | INFO     | core.deriv_client      | Reconnecting in 1s (attempt 1)...
2026-05-31 12:59:55 | ERROR    | core.deriv_client      | Connection error: 'ClientConnection' object has no attribute 'open'
2026-05-31 12:59:55 | WARNING  | __main__               | API disconnected — awaiting reconnect
2026-05-31 12:59:55 | INFO     | core.deriv_client      | Reconnecting in 1s (attempt 1)...
2026-05-31 12:59:57 | ERROR    | core.deriv_client      | Connection error: 'ClientConnection' object has no attribute 'open'
2026-05-31 12:59:57 | WARNING  | __main__               | API disconnected — awaiting reconnect
2026-05-31 12:59:57 | INFO     | core.deriv_client      | Reconnecting in 1s (attempt 1)...
2026-05-31 12:59:59 | ERROR    | core.deriv_client      | Connection error: 'ClientConnection' object has no attribute 'open'
2026-05-31 12:59:59 | WARNING  | __main__               | API disconnected — awaiting reconnect
2026-05-31 12:59:59 | INFO     | core.deriv_client      | Reconnecting in 1s (attempt 1)...
2026-05-31 13:00:01 | ERROR    | core.deriv_client      | Connection error: 'ClientConnection' object has no attribute 'open'
2026-05-31 13:00:01 | WARNING  | __main__               | API disconnected — awaiting reconnect
2026-05-31 13:00:01 | INFO     | core.deriv_client      | Reconnecting in 1s (attempt 1)...
2026-05-31 13:00:04 | ERROR    | core.deriv_client      | Connection error: 'ClientConnection' object has no attribute 'open'
2026-05-31 13:00:04 | WARNING  | __main__               | API disconnected — awaiting reconnect
2026-05-31 13:00:04 | INFO     | core.deriv_client      | Reconnecting in 1s (attempt 1)...
2026-05-31 13:00:06 | ERROR    | core.deriv_client      | Connection error: 'ClientConnection' object has no attribute 'open'
2026-05-31 13:00:06 | WARNING  | __main__               | API disconnected — awaiting reconnect
2026-05-31 13:00:06 | INFO     | core.deriv_client      | Reconnecting in 1s (attempt 1)...
2026-05-31 13:00:08 | ERROR    | core.deriv_client      | Connection error: 'ClientConnection' object has no attribute 'open'
2026-05-31 13:00:08 | WARNING  | __main__               | API disconnected — awaiting reconnect
2026-05-31 13:00:08 | INFO     | core.deriv_client      | Reconnecting in 1s (attempt 1)...
2026-05-31 13:00:10 | ERROR    | core.deriv_client      | Connection error: 'ClientConnection' object has no attribute 'open'
2026-05-31 13:00:10 | WARNING  | __main__               | API disconnected — awaiting reconnect
2026-05-31 13:00:10 | INFO     | core.deriv_client      | Reconnecting in 1s (attempt 1)...
2026-05-31 13:00:12 | ERROR    | core.deriv_client      | Connection error: 'ClientConnection' object has no attribute 'open'
2026-05-31 13:00:12 | WARNING  | __main__               | API disconnected — awaiting reconnect
2026-05-31 13:00:12 | INFO     | core.deriv_client      | Reconnecting in 1s (attempt 1)...
2026-05-31 13:00:15 | ERROR    | core.deriv_client      | Connection error: 'ClientConnection' object has no attribute 'open'
2026-05-31 13:00:15 | WARNING  | __main__               | API disconnected — awaiting reconnect
2026-05-31 13:00:15 | INFO     | core.deriv_client      | Reconnecting in 1s (attempt 1)...
2026-05-31 13:00:17 | ERROR    | core.deriv_client      | Connection error: 'ClientConnection' object has no attribute 'open'
2026-05-31 13:00:17 | WARNING  | __main__               | API disconnected — awaiting reconnect
2026-05-31 13:00:17 | INFO     | core.deriv_client      | Reconnecting in 1s (attempt 1)...
2026-05-31 13:00:19 | ERROR    | core.deriv_client      | Connection error: 'ClientConnection' object has no attribute 'open'
2026-05-31 13:00:19 | WARNING  | __main__               | API disconnected — awaiting reconnect
2026-05-31 13:00:19 | INFO     | core.deriv_client      | Reconnecting in 1s (attempt 1)...
2026-05-31 13:00:21 | ERROR    | core.deriv_client      | Connection error: 'ClientConnection' object has no attribute 'open'
2026-05-31 13:00:21 | WARNING  | __main__               | API disconnected — awaiting reconnect
2026-05-31 13:00:21 | INFO     | core.deriv_client      | Reconnecting in 1s (attempt 1)...
2026-05-31 13:00:23 | ERROR    | core.deriv_client      | Connection error: 'ClientConnection' object has no attribute 'open'
2026-05-31 13:00:23 | WARNING  | __main__               | API disconnected — awaiting reconnect
2026-05-31 13:00:23 | INFO     | core.deriv_client      | Reconnecting in 1s (attempt 1)...
2026-05-31 13:00:26 | ERROR    | core.deriv_client      | Connection error: 'ClientConnection' object has no attribute 'open'
2026-05-31 13:00:26 | WARNING  | __main__               | API disconnected — awaiting reconnect
2026-05-31 13:00:26 | INFO     | core.deriv_client      | Reconnecting in 1s (attempt 1)...
2026-05-31 13:00:28 | ERROR    | core.deriv_client      | Connection error: 'ClientConnection' object has no attribute 'open'
2026-05-31 13:00:28 | WARNING  | __main__               | API disconnected — awaiting reconnect
2026-05-31 13:00:28 | INFO     | core.deriv_client      | Reconnecting in 1s (attempt 1)...
2026-05-31 13:00:30 | ERROR    | core.deriv_client      | Connection error: 'ClientConnection' object has no attribute 'open'
2026-05-31 13:00:30 | WARNING  | __main__               | API disconnected — awaiting reconnect
2026-05-31 13:00:30 | INFO     | core.deriv_client      | Reconnecting in 1s (attempt 1)...
2026-05-31 13:00:32 | ERROR    | core.deriv_client      | Connection error: 'ClientConnection' object has no attribute 'open'
2026-05-31 13:00:32 | WARNING  | __main__               | API disconnected — awaiting reconnect
2026-05-31 13:00:32 | INFO     | core.deriv_client      | Reconnecting in 1s (attempt 1)...
2026-05-31 13:00:34 | ERROR    | core.deriv_client      | Connection error: 'ClientConnection' object has no attribute 'open'
2026-05-31 13:00:34 | WARNING  | __main__               | API disconnected — awaiting reconnect
2026-05-31 13:00:34 | INFO     | core.deriv_client      | Reconnecting in 1s (attempt 1)...
2026-05-31 13:00:37 | ERROR    | core.deriv_client      | Connection error: 'ClientConnection' object has no attribute 'open'
2026-05-31 13:00:37 | WARNING  | __main__               | API disconnected — awaiting reconnect
2026-05-31 13:00:37 | INFO     | core.deriv_client      | Reconnecting in 1s (attempt 1)...
2026-05-31 13:00:39 | ERROR    | core.deriv_client      | Connection error: 'ClientConnection' object has no attribute 'open'
2026-05-31 13:00:39 | WARNING  | __main__               | API disconnected — awaiting reconnect
2026-05-31 13:00:39 | INFO     | core.deriv_client      | Reconnecting in 1s (attempt 1)...
2026-05-31 13:00:41 | ERROR    | core.deriv_client      | Connection error: 'ClientConnection' object has no attribute 'open'
2026-05-31 13:00:41 | WARNING  | __main__               | API disconnected — awaiting reconnect
2026-05-31 13:00:41 | INFO     | core.deriv_client      | Reconnecting in 1s (attempt 1)...
2026-05-31 13:00:44 | ERROR    | core.deriv_client      | Connection error: 'ClientConnection' object has no attribute 'open'
2026-05-31 13:00:44 | WARNING  | __main__               | API disconnected — awaiting reconnect
2026-05-31 13:00:44 | INFO     | core.deriv_client      | Reconnecting in 1s (attempt 1)...
2026-05-31 13:00:46 | ERROR    | core.deriv_client      | Connection error: 'ClientConnection' object has no attribute 'open'
2026-05-31 13:00:46 | WARNING  | __main__               | API disconnected — awaiting reconnect
2026-05-31 13:00:46 | INFO     | core.deriv_client      | Reconnecting in 1s (attempt 1)...
2026-05-31 13:00:48 | ERROR    | core.deriv_client      | Connection error: 'ClientConnection' object has no attribute 'open'
2026-05-31 13:00:48 | WARNING  | __main__               | API disconnected — awaiting reconnect
2026-05-31 13:00:48 | INFO     | core.deriv_client      | Reconnecting in 1s (attempt 1)...
2026-05-31 13:00:50 | ERROR    | core.deriv_client      | Connection error: 'ClientConnection' object has no attribute 'open'
2026-05-31 13:00:50 | WARNING  | __main__               | API disconnected — awaiting reconnect
2026-05-31 13:00:50 | INFO     | core.deriv_client      | Reconnecting in 1s (attempt 1)...
2026-05-31 13:00:53 | ERROR    | core.deriv_client      | Connection error: 'ClientConnection' object has no attribute 'open'
2026-05-31 13:00:53 | WARNING  | __main__               | API disconnected — awaiting reconnect
2026-05-31 13:00:53 | INFO     | core.deriv_client      | Reconnecting in 1s (attempt 1)...
2026-05-31 13:00:55 | ERROR    | core.deriv_client      | Connection error: 'ClientConnection' object has no attribute 'open'
2026-05-31 13:00:55 | WARNING  | __main__               | API disconnected — awaiting reconnect
2026-05-31 13:00:55 | INFO     | core.deriv_client      | Reconnecting in 1s (attempt 1)...
2026-05-31 13:00:57 | ERROR    | core.deriv_client      | Connection error: 'ClientConnection' object has no attribute 'open'
2026-05-31 13:00:57 | WARNING  | __main__               | API disconnected — awaiting reconnect
2026-05-31 13:00:57 | INFO     | core.deriv_client      | Reconnecting in 1s (attempt 1)...
2026-05-31 13:01:00 | ERROR    | core.deriv_client      | Connection error: 'ClientConnection' object has no attribute 'open'
2026-05-31 13:01:00 | WARNING  | __main__               | API disconnected — awaiting reconnect
2026-05-31 13:01:00 | INFO     | core.deriv_client      | Reconnecting in 1s (attempt 1)...
2026-05-31 13:01:02 | ERROR    | core.deriv_client      | Connection error: 'ClientConnection' object has no attribute 'open'
2026-05-31 13:01:02 | WARNING  | __main__               | API disconnected — awaiting reconnect
2026-05-31 13:01:02 | INFO     | core.deriv_client      | Reconnecting in 1s (attempt 1)...
2026-05-31 13:01:04 | ERROR    | core.deriv_client      | Connection error: 'ClientConnection' object has no attribute 'open'
2026-05-31 13:01:04 | WARNING  | __main__               | API disconnected — awaiting reconnect
2026-05-31 13:01:04 | INFO     | core.deriv_client      | Reconnecting in 1s (attempt 1)...
2026-05-31 13:01:06 | ERROR    | core.deriv_client      | Connection error: 'ClientConnection' object has no attribute 'open'
2026-05-31 13:01:06 | WARNING  | __main__               | API disconnected — awaiting reconnect
2026-05-31 13:01:06 | INFO     | core.deriv_client      | Reconnecting in 1s (attempt 1)...
2026-05-31 13:01:09 | ERROR    | core.deriv_client      | Connection error: 'ClientConnection' object has no attribute 'open'
2026-05-31 13:01:09 | WARNING  | __main__               | API disconnected — awaiting reconnect
2026-05-31 13:01:09 | INFO     | core.deriv_client      | Reconnecting in 1s (attempt 1)...
2026-05-31 13:01:11 | ERROR    | core.deriv_client      | Connection error: 'ClientConnection' object has no attribute 'open'
2026-05-31 13:01:11 | WARNING  | __main__               | API disconnected — awaiting reconnect
2026-05-31 13:01:11 | INFO     | core.deriv_client      | Reconnecting in 1s (attempt 1)...
2026-05-31 13:01:13 | ERROR    | core.deriv_client      | Connection error: 'ClientConnection' object has no attribute 'open'
2026-05-31 13:01:13 | WARNING  | __main__               | API disconnected — awaiting reconnect
2026-05-31 13:01:13 | INFO     | core.deriv_client      | Reconnecting in 1s (attempt 1)...
2026-05-31 13:01:16 | ERROR    | core.deriv_client      | Connection error: 'ClientConnection' object has no attribute 'open'
2026-05-31 13:01:16 | WARNING  | __main__               | API disconnected — awaiting reconnect
2026-05-31 13:01:16 | INFO     | core.deriv_client      | Reconnecting in 1s (attempt 1)...
2026-05-31 13:01:18 | ERROR    | core.deriv_client      | Connection error: 'ClientConnection' object has no attribute 'open'
2026-05-31 13:01:18 | WARNING  | __main__               | API disconnected — awaiting reconnect
2026-05-31 13:01:18 | INFO     | core.deriv_client      | Reconnecting in 1s (attempt 1)...
2026-05-31 13:01:20 | ERROR    | core.deriv_client      | Connection error: 'ClientConnection' object has no attribute 'open'
2026-05-31 13:01:20 | WARNING  | __main__               | API disconnected — awaiting reconnect
2026-05-31 13:01:20 | INFO     | core.deriv_client      | Reconnecting in 1s (attempt 1)...
2026-05-31 13:01:22 | ERROR    | core.deriv_client      | Connection error: 'ClientConnection' object has no attribute 'open'
2026-05-31 13:01:22 | WARNING  | __main__               | API disconnected — awaiting reconnect
2026-05-31 13:01:22 | INFO     | core.deriv_client      | Reconnecting in 1s (attempt 1)...
2026-05-31 13:01:25 | ERROR    | core.deriv_client      | Connection error: 'ClientConnection' object has no attribute 'open'
2026-05-31 13:01:25 | WARNING  | __main__               | API disconnected — awaiting reconnect
2026-05-31 13:01:25 | INFO     | core.deriv_client      | Reconnecting in 1s (attempt 1)...
2026-05-31 13:01:27 | ERROR    | core.deriv_client      | Connection error: 'ClientConnection' object has no attribute 'open'
2026-05-31 13:01:27 | WARNING  | __main__               | API disconnected — awaiting reconnect
2026-05-31 13:01:27 | INFO     | core.deriv_client      | Reconnecting in 1s (attempt 1)...
2026-05-31 13:01:29 | ERROR    | core.deriv_client      | Connection error: 'ClientConnection' object has no attribute 'open'
2026-05-31 13:01:29 | WARNING  | __main__               | API disconnected — awaiting reconnect
2026-05-31 13:01:29 | INFO     | core.deriv_client      | Reconnecting in 1s (attempt 1)...
2026-05-31 13:01:31 | ERROR    | core.deriv_client      | Connection error: 'ClientConnection' object has no attribute 'open'
2026-05-31 13:01:31 | WARNING  | __main__               | API disconnected — awaiting reconnect
2026-05-31 13:01:31 | INFO     | core.deriv_client      | Reconnecting in 1s (attempt 1)...
2026-05-31 13:01:33 | ERROR    | core.deriv_client      | Connection error: 'ClientConnection' object has no attribute 'open'
2026-05-31 13:01:33 | WARNING  | __main__               | API disconnected — awaiting reconnect
2026-05-31 13:01:33 | INFO     | core.deriv_client      | Reconnecting in 1s (attempt 1)...
2026-05-31 13:01:36 | ERROR    | core.deriv_client      | Connection error: 'ClientConnection' object has no attribute 'open'
2026-05-31 13:01:36 | WARNING  | __main__               | API disconnected — awaiting reconnect
2026-05-31 13:01:36 | INFO     | core.deriv_client      | Reconnecting in 1s (attempt 1)...
2026-05-31 13:01:38 | ERROR    | core.deriv_client      | Connection error: 'ClientConnection' object has no attribute 'open'
2026-05-31 13:01:38 | WARNING  | __main__               | API disconnected — awaiting reconnect
2026-05-31 13:01:38 | INFO     | core.deriv_client      | Reconnecting in 1s (attempt 1)...
2026-05-31 13:01:40 | ERROR    | core.deriv_client      | Connection error: 'ClientConnection' object has no attribute 'open'
2026-05-31 13:01:40 | WARNING  | __main__               | API disconnected — awaiting reconnect
2026-05-31 13:01:40 | INFO     | core.deriv_client      | Reconnecting in 1s (attempt 1)...
2026-05-31 13:01:42 | ERROR    | core.deriv_client      | Connection error: 'ClientConnection' object has no attribute 'open'
2026-05-31 13:01:42 | WARNING  | __main__               | API disconnected — awaiting reconnect
2026-05-31 13:01:42 | INFO     | core.deriv_client      | Reconnecting in 1s (attempt 1)...
2026-05-31 13:01:45 | ERROR    | core.deriv_client      | Connection error: 'ClientConnection' object has no attribute 'open'
2026-05-31 13:01:45 | WARNING  | __main__               | API disconnected — awaiting reconnect
2026-05-31 13:01:45 | INFO     | core.deriv_client      | Reconnecting in 1s (attempt 1)...
2026-05-31 13:01:47 | ERROR    | core.deriv_client      | Connection error: 'ClientConnection' object has no attribute 'open'
2026-05-31 13:01:47 | WARNING  | __main__               | API disconnected — awaiting reconnect
2026-05-31 13:01:47 | INFO     | core.deriv_client      | Reconnecting in 1s (attempt 1)...
2026-05-31 13:01:49 | ERROR    | core.deriv_client      | Connection error: 'ClientConnection' object has no attribute 'open'
2026-05-31 13:01:49 | WARNING  | __main__               | API disconnected — awaiting reconnect
2026-05-31 13:01:49 | INFO     | core.deriv_client      | Reconnecting in 1s (attempt 1)...
2026-05-31 13:01:52 | ERROR    | core.deriv_client      | Connection error: 'ClientConnection' object has no attribute 'open'
2026-05-31 13:01:52 | WARNING  | __main__               | API disconnected — awaiting reconnect
2026-05-31 13:01:52 | INFO     | core.deriv_client      | Reconnecting in 1s (attempt 1)...
2026-05-31 13:01:54 | ERROR    | core.deriv_client      | Connection error: 'ClientConnection' object has no attribute 'open'
2026-05-31 13:01:54 | WARNING  | __main__               | API disconnected — awaiting reconnect
2026-05-31 13:01:54 | INFO     | core.deriv_client      | Reconnecting in 1s (attempt 1)...
2026-05-31 13:01:56 | ERROR    | core.deriv_client      | Connection error: 'ClientConnection' object has no attribute 'open'
2026-05-31 13:01:56 | WARNING  | __main__               | API disconnected — awaiting reconnect
2026-05-31 13:01:56 | INFO     | core.deriv_client      | Reconnecting in 1s (attempt 1)...
2026-05-31 13:01:59 | ERROR    | core.deriv_client      | Connection error: 'ClientConnection' object has no attribute 'open'
2026-05-31 13:01:59 | WARNING  | __main__               | API disconnected — awaiting reconnect
2026-05-31 13:01:59 | INFO     | core.deriv_client      | Reconnecting in 1s (attempt 1)...
2026-05-31 13:02:01 | ERROR    | core.deriv_client      | Connection error: 'ClientConnection' object has no attribute 'open'
2026-05-31 13:02:01 | WARNING  | __main__               | API disconnected — awaiting reconnect
2026-05-31 13:02:01 | INFO     | core.deriv_client      | Reconnecting in 1s (attempt 1)...
2026-05-31 13:02:03 | ERROR    | core.deriv_client      | Connection error: 'ClientConnection' object has no attribute 'open'
2026-05-31 13:02:03 | WARNING  | __main__               | API disconnected — awaiting reconnect
2026-05-31 13:02:03 | INFO     | core.deriv_client      | Reconnecting in 1s (attempt 1)...
2026-05-31 13:02:05 | ERROR    | core.deriv_client      | Connection error: 'ClientConnection' object has no attribute 'open'
2026-05-31 13:02:05 | WARNING  | __main__               | API disconnected — awaiting reconnect
2026-05-31 13:02:05 | INFO     | core.deriv_client      | Reconnecting in 1s (attempt 1)...
2026-05-31 13:02:07 | ERROR    | core.deriv_client      | Connection error: 'ClientConnection' object has no attribute 'open'
2026-05-31 13:02:07 | WARNING  | __main__               | API disconnected — awaiting reconnect
2026-05-31 13:02:07 | INFO     | core.deriv_client      | Reconnecting in 1s (attempt 1)...
2026-05-31 13:02:10 | ERROR    | core.deriv_client      | Connection error: 'ClientConnection' object has no attribute 'open'
2026-05-31 13:02:10 | WARNING  | __main__               | API disconnected — awaiting reconnect
2026-05-31 13:02:10 | INFO     | core.deriv_client      | Reconnecting in 1s (attempt 1)...
2026-05-31 13:02:12 | ERROR    | core.deriv_client      | Connection error: 'ClientConnection' object has no attribute 'open'
2026-05-31 13:02:12 | WARNING  | __main__               | API disconnected — awaiting reconnect
2026-05-31 13:02:12 | INFO     | core.deriv_client      | Reconnecting in 1s (attempt 1)...
2026-05-31 13:02:14 | ERROR    | core.deriv_client      | Connection error: 'ClientConnection' object has no attribute 'open'
2026-05-31 13:02:14 | WARNING  | __main__               | API disconnected — awaiting reconnect
2026-05-31 13:02:14 | INFO     | core.deriv_client      | Reconnecting in 1s (attempt 1)...
2026-05-31 13:02:16 | ERROR    | core.deriv_client      | Connection error: 'ClientConnection' object has no attribute 'open'
2026-05-31 13:02:16 | WARNING  | __main__               | API disconnected — awaiting reconnect
2026-05-31 13:02:16 | INFO     | core.deriv_client      | Reconnecting in 1s (attempt 1)...
2026-05-31 13:02:19 | ERROR    | core.deriv_client      | Connection error: 'ClientConnection' object has no attribute 'open'
2026-05-31 13:02:19 | WARNING  | __main__               | API disconnected — awaiting reconnect
2026-05-31 13:02:19 | INFO     | core.deriv_client      | Reconnecting in 1s (attempt 1)...
2026-05-31 13:02:21 | ERROR    | core.deriv_client      | Connection error: 'ClientConnection' object has no attribute 'open'
2026-05-31 13:02:21 | WARNING  | __main__               | API disconnected — awaiting reconnect
2026-05-31 13:02:21 | INFO     | core.deriv_client      | Reconnecting in 1s (attempt 1)...
2026-05-31 13:02:23 | ERROR    | core.deriv_client      | Connection error: 'ClientConnection' object has no attribute 'open'
2026-05-31 13:02:23 | WARNING  | __main__               | API disconnected — awaiting reconnect
2026-05-31 13:02:23 | INFO     | core.deriv_client      | Reconnecting in 1s (attempt 1)...
2026-05-31 13:02:25 | ERROR    | core.deriv_client      | Connection error: 'ClientConnection' object has no attribute 'open'
2026-05-31 13:02:25 | WARNING  | __main__               | API disconnected — awaiting reconnect
2026-05-31 13:02:25 | INFO     | core.deriv_client      | Reconnecting in 1s (attempt 1)...
2026-05-31 13:02:27 | ERROR    | core.deriv_client      | Connection error: 'ClientConnection' object has no attribute 'open'
2026-05-31 13:02:27 | WARNING  | __main__               | API disconnected — awaiting reconnect
2026-05-31 13:02:27 | INFO     | core.deriv_client      | Reconnecting in 1s (attempt 1)...
2026-05-31 13:02:29 | ERROR    | core.deriv_client      | Connection error: 'ClientConnection' object has no attribute 'open'
2026-05-31 13:02:29 | WARNING  | __main__               | API disconnected — awaiting reconnect
2026-05-31 13:02:29 | INFO     | core.deriv_client      | Reconnecting in 1s (attempt 1)...
2026-05-31 13:02:32 | ERROR    | core.deriv_client      | Connection error: 'ClientConnection' object has no attribute 'open'
2026-05-31 13:02:32 | WARNING  | __main__               | API disconnected — awaiting reconnect
2026-05-31 13:02:32 | INFO     | core.deriv_client      | Reconnecting in 1s (attempt 1)...
2026-05-31 13:02:34 | ERROR    | core.deriv_client      | Connection error: 'ClientConnection' object has no attribute 'open'
2026-05-31 13:02:34 | WARNING  | __main__               | API disconnected — awaiting reconnect
2026-05-31 13:02:34 | INFO     | core.deriv_client      | Reconnecting in 1s (attempt 1)...
2026-05-31 13:02:36 | ERROR    | core.deriv_client      | Connection error: 'ClientConnection' object has no attribute 'open'
2026-05-31 13:02:36 | WARNING  | __main__               | API disconnected — awaiting reconnect
2026-05-31 13:02:36 | INFO     | core.deriv_client      | Reconnecting in 1s (attempt 1)...
2026-05-31 13:02:38 | ERROR    | core.deriv_client      | Connection error: 'ClientConnection' object has no attribute 'open'
2026-05-31 13:02:38 | WARNING  | __main__               | API disconnected — awaiting reconnect
2026-05-31 13:02:38 | INFO     | core.deriv_client      | Reconnecting in 1s (attempt 1)...
2026-05-31 13:02:41 | ERROR    | core.deriv_client      | Connection error: 'ClientConnection' object has no attribute 'open'
2026-05-31 13:02:41 | WARNING  | __main__               | API disconnected — awaiting reconnect
2026-05-31 13:02:41 | INFO     | core.deriv_client      | Reconnecting in 1s (attempt 1)...
2026-05-31 13:02:43 | ERROR    | core.deriv_client      | Connection error: 'ClientConnection' object has no attribute 'open'
2026-05-31 13:02:43 | WARNING  | __main__               | API disconnected — awaiting reconnect
2026-05-31 13:02:43 | INFO     | core.deriv_client      | Reconnecting in 1s (attempt 1)...
2026-05-31 13:02:45 | ERROR    | core.deriv_client      | Connection error: 'ClientConnection' object has no attribute 'open'
2026-05-31 13:02:45 | WARNING  | __main__               | API disconnected — awaiting reconnect
2026-05-31 13:02:45 | INFO     | core.deriv_client      | Reconnecting in 1s (attempt 1)...
2026-05-31 13:02:47 | ERROR    | core.deriv_client      | Connection error: 'ClientConnection' object has no attribute 'open'
2026-05-31 13:02:47 | WARNING  | __main__               | API disconnected — awaiting reconnect
2026-05-31 13:02:47 | INFO     | core.deriv_client      | Reconnecting in 1s (attempt 1)...
2026-05-31 13:02:50 | ERROR    | core.deriv_client      | Connection error: 'ClientConnection' object has no attribute 'open'
2026-05-31 13:02:50 | WARNING  | __main__               | API disconnected — awaiting reconnect
2026-05-31 13:02:50 | INFO     | core.deriv_client      | Reconnecting in 1s (attempt 1)...
2026-05-31 13:02:52 | ERROR    | core.deriv_client      | Connection error: 'ClientConnection' object has no attribute 'open'
2026-05-31 13:02:52 | WARNING  | __main__               | API disconnected — awaiting reconnect
2026-05-31 13:02:52 | INFO     | core.deriv_client      | Reconnecting in 1s (attempt 1)...
2026-05-31 13:02:54 | ERROR    | core.deriv_client      | Connection error: 'ClientConnection' object has no attribute 'open'
2026-05-31 13:02:54 | WARNING  | __main__               | API disconnected — awaiting reconnect
2026-05-31 13:02:54 | INFO     | core.deriv_client      | Reconnecting in 1s (attempt 1)...
2026-05-31 13:02:57 | ERROR    | core.deriv_client      | Connection error: 'ClientConnection' object has no attribute 'open'
2026-05-31 13:02:57 | WARNING  | __main__               | API disconnected — awaiting reconnect
2026-05-31 13:02:57 | INFO     | core.deriv_client      | Reconnecting in 1s (attempt 1)...
2026-05-31 13:02:59 | ERROR    | core.deriv_client      | Connection error: 'ClientConnection' object has no attribute 'open'
2026-05-31 13:02:59 | WARNING  | __main__               | API disconnected — awaiting reconnect
2026-05-31 13:02:59 | INFO     | core.deriv_client      | Reconnecting in 1s (attempt 1)...
2026-05-31 13:03:01 | ERROR    | core.deriv_client      | Connection error: 'ClientConnection' object has no attribute 'open'
2026-05-31 13:03:01 | WARNING  | __main__               | API disconnected — awaiting reconnect
2026-05-31 13:03:01 | INFO     | core.deriv_client      | Reconnecting in 1s (attempt 1)...
2026-05-31 13:03:03 | ERROR    | core.deriv_client      | Connection error: 'ClientConnection' object has no attribute 'open'
2026-05-31 13:03:03 | WARNING  | __main__               | API disconnected — awaiting reconnect
2026-05-31 13:03:03 | INFO     | core.deriv_client      | Reconnecting in 1s (attempt 1)...
2026-05-31 13:03:05 | ERROR    | core.deriv_client      | Connection error: 'ClientConnection' object has no attribute 'open'
2026-05-31 13:03:05 | WARNING  | __main__               | API disconnected — awaiting reconnect
2026-05-31 13:03:05 | INFO     | core.deriv_client      | Reconnecting in 1s (attempt 1)...
2026-05-31 13:03:08 | ERROR    | core.deriv_client      | Connection error: 'ClientConnection' object has no attribute 'open'
2026-05-31 13:03:08 | WARNING  | __main__               | API disconnected — awaiting reconnect
2026-05-31 13:03:08 | INFO     | core.deriv_client      | Reconnecting in 1s (attempt 1)...
2026-05-31 13:03:10 | ERROR    | core.deriv_client      | Connection error: 'ClientConnection' object has no attribute 'open'
2026-05-31 13:03:10 | WARNING  | __main__               | API disconnected — awaiting reconnect
2026-05-31 13:03:10 | INFO     | core.deriv_client      | Reconnecting in 1s (attempt 1)...
2026-05-31 13:03:12 | ERROR    | core.deriv_client      | Connection error: 'ClientConnection' object has no attribute 'open'
2026-05-31 13:03:12 | WARNING  | __main__               | API disconnected — awaiting reconnect
2026-05-31 13:03:12 | INFO     | core.deriv_client      | Reconnecting in 1s (attempt 1)...
2026-05-31 13:03:14 | ERROR    | core.deriv_client      | Connection error: 'ClientConnection' object has no attribute 'open'
2026-05-31 13:03:14 | WARNING  | __main__               | API disconnected — awaiting reconnect
2026-05-31 13:03:14 | INFO     | core.deriv_client      | Reconnecting in 1s (attempt 1)...
2026-05-31 13:03:17 | ERROR    | core.deriv_client      | Connection error: 'ClientConnection' object has no attribute 'open'
2026-05-31 13:03:17 | WARNING  | __main__               | API disconnected — awaiting reconnect
2026-05-31 13:03:17 | INFO     | core.deriv_client      | Reconnecting in 1s (attempt 1)...
2026-05-31 13:03:19 | ERROR    | core.deriv_client      | Connection error: 'ClientConnection' object has no attribute 'open'
2026-05-31 13:03:19 | WARNING  | __main__               | API disconnected — awaiting reconnect
2026-05-31 13:03:19 | INFO     | core.deriv_client      | Reconnecting in 1s (attempt 1)...
2026-05-31 13:03:21 | ERROR    | core.deriv_client      | Connection error: 'ClientConnection' object has no attribute 'open'
2026-05-31 13:03:21 | WARNING  | __main__               | API disconnected — awaiting reconnect
2026-05-31 13:03:21 | INFO     | core.deriv_client      | Reconnecting in 1s (attempt 1)...
2026-05-31 13:03:23 | ERROR    | core.deriv_client      | Connection error: 'ClientConnection' object has no attribute 'open'
2026-05-31 13:03:23 | WARNING  | __main__               | API disconnected — awaiting reconnect
2026-05-31 13:03:23 | INFO     | core.deriv_client      | Reconnecting in 1s (attempt 1)...
2026-05-31 13:03:26 | ERROR    | core.deriv_client      | Connection error: 'ClientConnection' object has no attribute 'open'
2026-05-31 13:03:26 | WARNING  | __main__               | API disconnected — awaiting reconnect
2026-05-31 13:03:26 | INFO     | core.deriv_client      | Reconnecting in 1s (attempt 1)...
2026-05-31 13:03:28 | ERROR    | core.deriv_client      | Connection error: 'ClientConnection' object has no attribute 'open'
2026-05-31 13:03:28 | WARNING  | __main__               | API disconnected — awaiting reconnect
2026-05-31 13:03:28 | INFO     | core.deriv_client      | Reconnecting in 1s (attempt 1)...
2026-05-31 13:03:30 | ERROR    | core.deriv_client      | Connection error: 'ClientConnection' object has no attribute 'open'
2026-05-31 13:03:30 | WARNING  | __main__               | API disconnected — awaiting reconnect
2026-05-31 13:03:30 | INFO     | core.deriv_client      | Reconnecting in 1s (attempt 1)...
2026-05-31 13:03:32 | ERROR    | core.deriv_client      | Connection error: 'ClientConnection' object has no attribute 'open'
2026-05-31 13:03:32 | WARNING  | __main__               | API disconnected — awaiting reconnect
2026-05-31 13:03:32 | INFO     | core.deriv_client      | Reconnecting in 1s (attempt 1)...
2026-05-31 13:03:34 | ERROR    | core.deriv_client      | Connection error: 'ClientConnection' object has no attribute 'open'
2026-05-31 13:03:34 | WARNING  | __main__               | API disconnected — awaiting reconnect
2026-05-31 13:03:34 | INFO     | core.deriv_client      | Reconnecting in 1s (attempt 1)...
2026-05-31 13:03:37 | ERROR    | core.deriv_client      | Connection error: 'ClientConnection' object has no attribute 'open'
2026-05-31 13:03:37 | WARNING  | __main__               | API disconnected — awaiting reconnect
2026-05-31 13:03:37 | INFO     | core.deriv_client      | Reconnecting in 1s (attempt 1)...
2026-05-31 13:03:39 | ERROR    | core.deriv_client      | Connection error: 'ClientConnection' object has no attribute 'open'
2026-05-31 13:03:39 | WARNING  | __main__               | API disconnected — awaiting reconnect
2026-05-31 13:03:39 | INFO     | core.deriv_client      | Reconnecting in 1s (attempt 1)...
2026-05-31 13:03:41 | ERROR    | core.deriv_client      | Connection error: 'ClientConnection' object has no attribute 'open'
2026-05-31 13:03:41 | WARNING  | __main__               | API disconnected — awaiting reconnect
2026-05-31 13:03:41 | INFO     | core.deriv_client      | Reconnecting in 1s (attempt 1)...
2026-05-31 13:03:43 | ERROR    | core.deriv_client      | Connection error: 'ClientConnection' object has no attribute 'open'
2026-05-31 13:03:43 | WARNING  | __main__               | API disconnected — awaiting reconnect
2026-05-31 13:03:43 | INFO     | core.deriv_client      | Reconnecting in 1s (attempt 1)...
2026-05-31 13:03:45 | ERROR    | core.deriv_client      | Connection error: 'ClientConnection' object has no attribute 'open'
2026-05-31 13:03:45 | WARNING  | __main__               | API disconnected — awaiting reconnect
2026-05-31 13:03:45 | INFO     | core.deriv_client      | Reconnecting in 1s (attempt 1)...
2026-05-31 13:03:48 | ERROR    | core.deriv_client      | Connection error: 'ClientConnection' object has no attribute 'open'
2026-05-31 13:03:48 | WARNING  | __main__               | API disconnected — awaiting reconnect
2026-05-31 13:03:48 | INFO     | core.deriv_client      | Reconnecting in 1s (attempt 1)...
2026-05-31 13:03:50 | ERROR    | core.deriv_client      | Connection error: 'ClientConnection' object has no attribute 'open'
2026-05-31 13:03:50 | WARNING  | __main__               | API disconnected — awaiting reconnect
2026-05-31 13:03:50 | INFO     | core.deriv_client      | Reconnecting in 1s (attempt 1)...
2026-05-31 13:03:53 | ERROR    | core.deriv_client      | Connection error: 'ClientConnection' object has no attribute 'open'
2026-05-31 13:03:53 | WARNING  | __main__               | API disconnected — awaiting reconnect
2026-05-31 13:03:53 | INFO     | core.deriv_client      | Reconnecting in 1s (attempt 1)...
2026-05-31 13:03:55 | ERROR    | core.deriv_client      | Connection error: 'ClientConnection' object has no attribute 'open'
2026-05-31 13:03:55 | WARNING  | __main__               | API disconnected — awaiting reconnect
2026-05-31 13:03:55 | INFO     | core.deriv_client      | Reconnecting in 1s (attempt 1)...
2026-05-31 13:03:58 | ERROR    | core.deriv_client      | Connection error: 'ClientConnection' object has no attribute 'open'
2026-05-31 13:03:58 | WARNING  | __main__               | API disconnected — awaiting reconnect
2026-05-31 13:03:58 | INFO     | core.deriv_client      | Reconnecting in 1s (attempt 1)...
2026-05-31 13:04:00 | ERROR    | core.deriv_client      | Connection error: 'ClientConnection' object has no attribute 'open'
2026-05-31 13:04:00 | WARNING  | __main__               | API disconnected — awaiting reconnect
2026-05-31 13:04:00 | INFO     | core.deriv_client      | Reconnecting in 1s (attempt 1)...
2026-05-31 13:04:02 | ERROR    | core.deriv_client      | Connection error: 'ClientConnection' object has no attribute 'open'
2026-05-31 13:04:02 | WARNING  | __main__               | API disconnected — awaiting reconnect
2026-05-31 13:04:02 | INFO     | core.deriv_client      | Reconnecting in 1s (attempt 1)...
2026-05-31 13:04:05 | ERROR    | core.deriv_client      | Connection error: 'ClientConnection' object has no attribute 'open'
2026-05-31 13:04:05 | WARNING  | __main__               | API disconnected — awaiting reconnect
2026-05-31 13:04:05 | INFO     | core.deriv_client      | Reconnecting in 1s (attempt 1)...
2026-05-31 13:04:07 | ERROR    | core.deriv_client      | Connection error: 'ClientConnection' object has no attribute 'open'
2026-05-31 13:04:07 | WARNING  | __main__               | API disconnected — awaiting reconnect
2026-05-31 13:04:07 | INFO     | core.deriv_client      | Reconnecting in 1s (attempt 1)...
2026-05-31 13:04:09 | ERROR    | core.deriv_client      | Connection error: 'ClientConnection' object has no attribute 'open'
2026-05-31 13:04:09 | WARNING  | __main__               | API disconnected — awaiting reconnect
2026-05-31 13:04:09 | INFO     | core.deriv_client      | Reconnecting in 1s (attempt 1)...
2026-05-31 13:04:11 | ERROR    | core.deriv_client      | Connection error: 'ClientConnection' object has no attribute 'open'
2026-05-31 13:04:11 | WARNING  | __main__               | API disconnected — awaiting reconnect
2026-05-31 13:04:11 | INFO     | core.deriv_client      | Reconnecting in 1s (attempt 1)...
2026-05-31 13:05:41 | INFO     | bot                    | ============================================================
2026-05-31 13:05:41 | INFO     | bot                    | NexusTrade Bot Starting
2026-05-31 13:05:41 | INFO     | bot                    | Mode: DEMO
2026-05-31 13:05:41 | INFO     | bot                    | Markets: R_100, R_75, R_50, R_25
2026-05-31 13:05:41 | INFO     | bot                    | ============================================================
2026-05-31 13:05:41 | INFO     | db.trade_logger        | Database initialized: data/nexustrade.db
2026-05-31 13:05:41 | INFO     | core.deriv_client      | Connecting to Deriv API (DEMO)...
2026-05-31 13:05:42 | ERROR    | core.deriv_client      | Connection error: 'ClientConnection' object has no attribute 'open'
2026-05-31 13:05:42 | WARNING  | bot                    | API disconnected — awaiting reconnect
2026-05-31 13:05:42 | INFO     | core.deriv_client      | Reconnecting in 1s (attempt 1)...
2026-05-31 13:05:44 | ERROR    | core.deriv_client      | Connection error: 'ClientConnection' object has no attribute 'open'
2026-05-31 13:05:44 | WARNING  | bot                    | API disconnected — awaiting reconnect
2026-05-31 13:05:44 | INFO     | core.deriv_client      | Reconnecting in 1s (attempt 1)...
2026-05-31 13:05:46 | ERROR    | core.deriv_client      | Connection error: 'ClientConnection' object has no attribute 'open'
2026-05-31 13:05:46 | WARNING  | bot                    | API disconnected — awaiting reconnect
2026-05-31 13:05:46 | INFO     | core.deriv_client      | Reconnecting in 1s (attempt 1)...
2026-05-31 13:05:49 | ERROR    | core.deriv_client      | Connection error: 'ClientConnection' object has no attribute 'open'
2026-05-31 13:05:49 | WARNING  | bot                    | API disconnected — awaiting reconnect
2026-05-31 13:05:49 | INFO     | core.deriv_client      | Reconnecting in 1s (attempt 1)...
2026-05-31 13:05:51 | ERROR    | core.deriv_client      | Connection error: 'ClientConnection' object has no attribute 'open'
2026-05-31 13:05:51 | WARNING  | bot                    | API disconnected — awaiting reconnect
2026-05-31 13:05:51 | INFO     | core.deriv_client      | Reconnecting in 1s (attempt 1)...
2026-05-31 13:05:53 | ERROR    | core.deriv_client      | Connection error: 'ClientConnection' object has no attribute 'open'
2026-05-31 13:05:53 | WARNING  | bot                    | API disconnected — awaiting reconnect
2026-05-31 13:05:53 | INFO     | core.deriv_client      | Reconnecting in 1s (attempt 1)...
2026-05-31 13:05:55 | ERROR    | core.deriv_client      | Connection error: 'ClientConnection' object has no attribute 'open'
2026-05-31 13:05:55 | WARNING  | bot                    | API disconnected — awaiting reconnect
2026-05-31 13:05:55 | INFO     | core.deriv_client      | Reconnecting in 1s (attempt 1)...
2026-05-31 13:05:57 | ERROR    | core.deriv_client      | Connection error: 'ClientConnection' object has no attribute 'open'
2026-05-31 13:05:57 | WARNING  | bot                    | API disconnected — awaiting reconnect
2026-05-31 13:05:57 | INFO     | core.deriv_client      | Reconnecting in 1s (attempt 1)...
2026-05-31 13:06:00 | ERROR    | core.deriv_client      | Connection error: 'ClientConnection' object has no attribute 'open'
2026-05-31 13:06:00 | WARNING  | bot                    | API disconnected — awaiting reconnect
2026-05-31 13:06:00 | INFO     | core.deriv_client      | Reconnecting in 1s (attempt 1)...
2026-05-31 13:06:02 | ERROR    | core.deriv_client      | Connection error: 'ClientConnection' object has no attribute 'open'
2026-05-31 13:06:02 | WARNING  | bot                    | API disconnected — awaiting reconnect
2026-05-31 13:06:02 | INFO     | core.deriv_client      | Reconnecting in 1s (attempt 1)...
2026-05-31 13:06:04 | ERROR    | core.deriv_client      | Connection error: 'ClientConnection' object has no attribute 'open'
2026-05-31 13:06:04 | WARNING  | bot                    | API disconnected — awaiting reconnect
2026-05-31 13:06:04 | INFO     | core.deriv_client      | Reconnecting in 1s (attempt 1)...
2026-05-31 13:06:11 | ERROR    | core.deriv_client      | Connection error: 'ClientConnection' object has no attribute 'open'
2026-05-31 13:06:11 | WARNING  | bot                    | API disconnected — awaiting reconnect
2026-05-31 13:06:11 | INFO     | core.deriv_client      | Reconnecting in 1s (attempt 1)...
2026-05-31 13:06:14 | ERROR    | core.deriv_client      | Connection error: 'ClientConnection' object has no attribute 'open'
2026-05-31 13:06:14 | WARNING  | bot                    | API disconnected — awaiting reconnect
2026-05-31 13:06:14 | INFO     | core.deriv_client      | Reconnecting in 1s (attempt 1)...
2026-05-31 13:06:16 | ERROR    | core.deriv_client      | Connection error: 'ClientConnection' object has no attribute 'open'
2026-05-31 13:06:16 | WARNING  | bot                    | API disconnected — awaiting reconnect
2026-05-31 13:06:16 | INFO     | core.deriv_client      | Reconnecting in 1s (attempt 1)...
2026-05-31 13:06:18 | ERROR    | core.deriv_client      | Connection error: 'ClientConnection' object has no attribute 'open'
2026-05-31 13:06:18 | WARNING  | bot                    | API disconnected — awaiting reconnect
2026-05-31 13:06:18 | INFO     | core.deriv_client      | Reconnecting in 1s (attempt 1)...
2026-05-31 13:06:21 | ERROR    | core.deriv_client      | Connection error: 'ClientConnection' object has no attribute 'open'
2026-05-31 13:06:21 | WARNING  | bot                    | API disconnected — awaiting reconnect
2026-05-31 13:06:21 | INFO     | core.deriv_client      | Reconnecting in 1s (attempt 1)...
2026-05-31 13:06:23 | ERROR    | core.deriv_client      | Connection error: 'ClientConnection' object has no attribute 'open'
2026-05-31 13:06:23 | WARNING  | bot                    | API disconnected — awaiting reconnect
2026-05-31 13:06:23 | INFO     | core.deriv_client      | Reconnecting in 1s (attempt 1)...
2026-05-31 13:06:25 | ERROR    | core.deriv_client      | Connection error: 'ClientConnection' object has no attribute 'open'
2026-05-31 13:06:25 | WARNING  | bot                    | API disconnected — awaiting reconnect
2026-05-31 13:06:25 | INFO     | core.deriv_client      | Reconnecting in 1s (attempt 1)...
2026-05-31 13:06:27 | ERROR    | core.deriv_client      | Connection error: 'ClientConnection' object has no attribute 'open'
2026-05-31 13:06:27 | WARNING  | bot                    | API disconnected — awaiting reconnect
2026-05-31 13:06:27 | INFO     | core.deriv_client      | Reconnecting in 1s (attempt 1)...
2026-05-31 13:06:29 | ERROR    | core.deriv_client      | Connection error: 'ClientConnection' object has no attribute 'open'
2026-05-31 13:06:29 | WARNING  | bot                    | API disconnected — awaiting reconnect
2026-05-31 13:06:29 | INFO     | core.deriv_client      | Reconnecting in 1s (attempt 1)...
2026-05-31 13:06:31 | ERROR    | core.deriv_client      | Connection error: 'ClientConnection' object has no attribute 'open'
2026-05-31 13:06:31 | WARNING  | bot                    | API disconnected — awaiting reconnect
2026-05-31 13:06:31 | INFO     | core.deriv_client      | Reconnecting in 1s (attempt 1)...
2026-05-31 13:06:39 | ERROR    | core.deriv_client      | Connection error: 'ClientConnection' object has no attribute 'open'
2026-05-31 13:06:39 | WARNING  | bot                    | API disconnected — awaiting reconnect
2026-05-31 13:06:39 | INFO     | core.deriv_client      | Reconnecting in 1s (attempt 1)...
2026-05-31 13:06:41 | ERROR    | core.deriv_client      | Connection error: 'ClientConnection' object has no attribute 'open'
2026-05-31 13:06:41 | WARNING  | bot                    | API disconnected — awaiting reconnect
2026-05-31 13:06:41 | INFO     | core.deriv_client      | Reconnecting in 1s (attempt 1)...
2026-05-31 13:06:43 | ERROR    | core.deriv_client      | Connection error: 'ClientConnection' object has no attribute 'open'
2026-05-31 13:06:43 | WARNING  | bot                    | API disconnected — awaiting reconnect
2026-05-31 13:06:43 | INFO     | core.deriv_client      | Reconnecting in 1s (attempt 1)...
2026-05-31 13:06:46 | ERROR    | core.deriv_client      | Connection error: 'ClientConnection' object has no attribute 'open'
2026-05-31 13:06:46 | WARNING  | bot                    | API disconnected — awaiting reconnect
2026-05-31 13:06:46 | INFO     | core.deriv_client      | Reconnecting in 1s (attempt 1)...
2026-05-31 13:06:48 | ERROR    | core.deriv_client      | Connection error: 'ClientConnection' object has no attribute 'open'
2026-05-31 13:06:48 | WARNING  | bot                    | API disconnected — awaiting reconnect
2026-05-31 13:06:48 | INFO     | core.deriv_client      | Reconnecting in 1s (attempt 1)...
2026-05-31 13:06:50 | ERROR    | core.deriv_client      | Connection error: 'ClientConnection' object has no attribute 'open'
2026-05-31 13:06:50 | WARNING  | bot                    | API disconnected — awaiting reconnect
2026-05-31 13:06:50 | INFO     | core.deriv_client      | Reconnecting in 1s (attempt 1)...
2026-05-31 13:06:52 | ERROR    | core.deriv_client      | Connection error: 'ClientConnection' object has no attribute 'open'
2026-05-31 13:06:52 | WARNING  | bot                    | API disconnected — awaiting reconnect
2026-05-31 13:06:52 | INFO     | core.deriv_client      | Reconnecting in 1s (attempt 1)...
2026-05-31 13:06:55 | ERROR    | core.deriv_client      | Connection error: 'ClientConnection' object has no attribute 'open'
2026-05-31 13:06:55 | WARNING  | bot                    | API disconnected — awaiting reconnect
2026-05-31 13:06:55 | INFO     | core.deriv_client      | Reconnecting in 1s (attempt 1)...
2026-05-31 13:06:57 | ERROR    | core.deriv_client      | Connection error: 'ClientConnection' object has no attribute 'open'
2026-05-31 13:06:57 | WARNING  | bot                    | API disconnected — awaiting reconnect
2026-05-31 13:06:57 | INFO     | core.deriv_client      | Reconnecting in 1s (attempt 1)...
2026-05-31 13:06:59 | ERROR    | core.deriv_client      | Connection error: 'ClientConnection' object has no attribute 'open'
2026-05-31 13:06:59 | WARNING  | bot                    | API disconnected — awaiting reconnect
2026-05-31 13:06:59 | INFO     | core.deriv_client      | Reconnecting in 1s (attempt 1)...
2026-05-31 13:07:02 | ERROR    | core.deriv_client      | Connection error: 'ClientConnection' object has no attribute 'open'
2026-05-31 13:07:02 | WARNING  | bot                    | API disconnected — awaiting reconnect
2026-05-31 13:07:02 | INFO     | core.deriv_client      | Reconnecting in 1s (attempt 1)...
2026-05-31 13:07:04 | ERROR    | core.deriv_client      | Connection error: 'ClientConnection' object has no attribute 'open'
2026-05-31 13:07:04 | WARNING  | bot                    | API disconnected — awaiting reconnect
2026-05-31 13:07:04 | INFO     | core.deriv_client      | Reconnecting in 1s (attempt 1)...
2026-05-31 13:07:06 | ERROR    | core.deriv_client      | Connection error: 'ClientConnection' object has no attribute 'open'
2026-05-31 13:07:06 | WARNING  | bot                    | API disconnected — awaiting reconnect
2026-05-31 13:07:06 | INFO     | core.deriv_client      | Reconnecting in 1s (attempt 1)...
2026-05-31 13:07:09 | ERROR    | core.deriv_client      | Connection error: 'ClientConnection' object has no attribute 'open'
2026-05-31 13:07:09 | WARNING  | bot                    | API disconnected — awaiting reconnect
2026-05-31 13:07:09 | INFO     | core.deriv_client      | Reconnecting in 1s (attempt 1)...
2026-05-31 13:07:11 | ERROR    | core.deriv_client      | Connection error: 'ClientConnection' object has no attribute 'open'
2026-05-31 13:07:11 | WARNING  | bot                    | API disconnected — awaiting reconnect
2026-05-31 13:07:11 | INFO     | core.deriv_client      | Reconnecting in 1s (attempt 1)...
2026-05-31 13:07:13 | ERROR    | core.deriv_client      | Connection error: 'ClientConnection' object has no attribute 'open'
2026-05-31 13:07:13 | WARNING  | bot                    | API disconnected — awaiting reconnect
2026-05-31 13:07:13 | INFO     | core.deriv_client      | Reconnecting in 1s (attempt 1)...
2026-05-31 13:07:15 | ERROR    | core.deriv_client      | Connection error: 'ClientConnection' object has no attribute 'open'
2026-05-31 13:07:15 | WARNING  | bot                    | API disconnected — awaiting reconnect
2026-05-31 13:07:15 | INFO     | core.deriv_client      | Reconnecting in 1s (attempt 1)...
2026-05-31 13:07:18 | ERROR    | core.deriv_client      | Connection error: 'ClientConnection' object has no attribute 'open'
2026-05-31 13:07:18 | WARNING  | bot                    | API disconnected — awaiting reconnect
2026-05-31 13:07:18 | INFO     | core.deriv_client      | Reconnecting in 1s (attempt 1)...
2026-05-31 13:07:20 | ERROR    | core.deriv_client      | Connection error: 'ClientConnection' object has no attribute 'open'
2026-05-31 13:07:20 | WARNING  | bot                    | API disconnected — awaiting reconnect
2026-05-31 13:07:20 | INFO     | core.deriv_client      | Reconnecting in 1s (attempt 1)...
2026-05-31 13:07:22 | ERROR    | core.deriv_client      | Connection error: 'ClientConnection' object has no attribute 'open'
2026-05-31 13:07:22 | WARNING  | bot                    | API disconnected — awaiting reconnect
2026-05-31 13:07:22 | INFO     | core.deriv_client      | Reconnecting in 1s (attempt 1)...
2026-05-31 13:07:24 | ERROR    | core.deriv_client      | Connection error: 'ClientConnection' object has no attribute 'open'
2026-05-31 13:07:24 | WARNING  | bot                    | API disconnected — awaiting reconnect
2026-05-31 13:07:24 | INFO     | core.deriv_client      | Reconnecting in 1s (attempt 1)...
2026-05-31 13:07:26 | ERROR    | core.deriv_client      | Connection error: 'ClientConnection' object has no attribute 'open'
2026-05-31 13:07:26 | WARNING  | bot                    | API disconnected — awaiting reconnect
2026-05-31 13:07:26 | INFO     | core.deriv_client      | Reconnecting in 1s (attempt 1)...
2026-05-31 13:07:28 | ERROR    | core.deriv_client      | Connection error: 'ClientConnection' object has no attribute 'open'
2026-05-31 13:07:28 | WARNING  | bot                    | API disconnected — awaiting reconnect
2026-05-31 13:07:28 | INFO     | core.deriv_client      | Reconnecting in 1s (attempt 1)...
2026-05-31 13:07:31 | ERROR    | core.deriv_client      | Connection error: 'ClientConnection' object has no attribute 'open'
2026-05-31 13:07:31 | WARNING  | bot                    | API disconnected — awaiting reconnect
2026-05-31 13:07:31 | INFO     | core.deriv_client      | Reconnecting in 1s (attempt 1)...
2026-05-31 13:07:33 | ERROR    | core.deriv_client      | Connection error: 'ClientConnection' object has no attribute 'open'
2026-05-31 13:07:33 | WARNING  | bot                    | API disconnected — awaiting reconnect
2026-05-31 13:07:33 | INFO     | core.deriv_client      | Reconnecting in 1s (attempt 1)...
2026-05-31 13:07:35 | ERROR    | core.deriv_client      | Connection error: 'ClientConnection' object has no attribute 'open'
2026-05-31 13:07:35 | WARNING  | bot                    | API disconnected — awaiting reconnect
2026-05-31 13:07:35 | INFO     | core.deriv_client      | Reconnecting in 1s (attempt 1)...
2026-05-31 13:07:37 | ERROR    | core.deriv_client      | Connection error: 'ClientConnection' object has no attribute 'open'
2026-05-31 13:07:37 | WARNING  | bot                    | API disconnected — awaiting reconnect
2026-05-31 13:07:37 | INFO     | core.deriv_client      | Reconnecting in 1s (attempt 1)...
2026-05-31 13:07:39 | ERROR    | core.deriv_client      | Connection error: 'ClientConnection' object has no attribute 'open'
2026-05-31 13:07:39 | WARNING  | bot                    | API disconnected — awaiting reconnect
2026-05-31 13:07:39 | INFO     | core.deriv_client      | Reconnecting in 1s (attempt 1)...
2026-05-31 13:07:42 | ERROR    | core.deriv_client      | Connection error: 'ClientConnection' object has no attribute 'open'
2026-05-31 13:07:42 | WARNING  | bot                    | API disconnected — awaiting reconnect
2026-05-31 13:07:42 | INFO     | core.deriv_client      | Reconnecting in 1s (attempt 1)...
2026-05-31 13:07:44 | ERROR    | core.deriv_client      | Connection error: 'ClientConnection' object has no attribute 'open'
2026-05-31 13:07:44 | WARNING  | bot                    | API disconnected — awaiting reconnect
2026-05-31 13:07:44 | INFO     | core.deriv_client      | Reconnecting in 1s (attempt 1)...
2026-05-31 13:07:46 | ERROR    | core.deriv_client      | Connection error: 'ClientConnection' object has no attribute 'open'
2026-05-31 13:07:46 | WARNING  | bot                    | API disconnected — awaiting reconnect
2026-05-31 13:07:46 | INFO     | core.deriv_client      | Reconnecting in 1s (attempt 1)...
2026-05-31 13:07:48 | ERROR    | core.deriv_client      | Connection error: 'ClientConnection' object has no attribute 'open'
2026-05-31 13:07:48 | WARNING  | bot                    | API disconnected — awaiting reconnect
2026-05-31 13:07:48 | INFO     | core.deriv_client      | Reconnecting in 1s (attempt 1)...
2026-05-31 13:07:55 | ERROR    | core.deriv_client      | Connection error: 'ClientConnection' object has no attribute 'open'
2026-05-31 13:07:55 | WARNING  | bot                    | API disconnected — awaiting reconnect
2026-05-31 13:07:55 | INFO     | core.deriv_client      | Reconnecting in 1s (attempt 1)...
2026-05-31 13:07:57 | ERROR    | core.deriv_client      | Connection error: 'ClientConnection' object has no attribute 'open'
2026-05-31 13:07:57 | WARNING  | bot                    | API disconnected — awaiting reconnect
2026-05-31 13:07:57 | INFO     | core.deriv_client      | Reconnecting in 1s (attempt 1)...
2026-05-31 13:08:00 | ERROR    | core.deriv_client      | Connection error: 'ClientConnection' object has no attribute 'open'
2026-05-31 13:08:00 | WARNING  | bot                    | API disconnected — awaiting reconnect
2026-05-31 13:08:00 | INFO     | core.deriv_client      | Reconnecting in 1s (attempt 1)...
2026-05-31 13:08:02 | ERROR    | core.deriv_client      | Connection error: 'ClientConnection' object has no attribute 'open'
2026-05-31 13:08:02 | WARNING  | bot                    | API disconnected — awaiting reconnect
2026-05-31 13:08:02 | INFO     | core.deriv_client      | Reconnecting in 1s (attempt 1)...
2026-05-31 13:08:04 | ERROR    | core.deriv_client      | Connection error: 'ClientConnection' object has no attribute 'open'
2026-05-31 13:08:04 | WARNING  | bot                    | API disconnected — awaiting reconnect
2026-05-31 13:08:04 | INFO     | core.deriv_client      | Reconnecting in 1s (attempt 1)...
2026-05-31 13:08:07 | ERROR    | core.deriv_client      | Connection error: 'ClientConnection' object has no attribute 'open'
2026-05-31 13:08:07 | WARNING  | bot                    | API disconnected — awaiting reconnect
2026-05-31 13:08:07 | INFO     | core.deriv_client      | Reconnecting in 1s (attempt 1)...
2026-05-31 13:08:09 | ERROR    | core.deriv_client      | Connection error: 'ClientConnection' object has no attribute 'open'
2026-05-31 13:08:09 | WARNING  | bot                    | API disconnected — awaiting reconnect
2026-05-31 13:08:09 | INFO     | core.deriv_client      | Reconnecting in 1s (attempt 1)...
2026-05-31 13:08:11 | ERROR    | core.deriv_client      | Connection error: 'ClientConnection' object has no attribute 'open'
2026-05-31 13:08:11 | WARNING  | bot                    | API disconnected — awaiting reconnect
2026-05-31 13:08:11 | INFO     | core.deriv_client      | Reconnecting in 1s (attempt 1)...
2026-05-31 13:08:13 | ERROR    | core.deriv_client      | Connection error: 'ClientConnection' object has no attribute 'open'
2026-05-31 13:08:13 | WARNING  | bot                    | API disconnected — awaiting reconnect
2026-05-31 13:08:13 | INFO     | core.deriv_client      | Reconnecting in 1s (attempt 1)...
2026-05-31 13:08:16 | ERROR    | core.deriv_client      | Connection error: 'ClientConnection' object has no attribute 'open'
2026-05-31 13:08:16 | WARNING  | bot                    | API disconnected — awaiting reconnect
2026-05-31 13:08:16 | INFO     | core.deriv_client      | Reconnecting in 1s (attempt 1)...
2026-05-31 13:08:18 | ERROR    | core.deriv_client      | Connection error: 'ClientConnection' object has no attribute 'open'
2026-05-31 13:08:18 | WARNING  | bot                    | API disconnected — awaiting reconnect
2026-05-31 13:08:18 | INFO     | core.deriv_client      | Reconnecting in 1s (attempt 1)...
2026-05-31 13:08:20 | ERROR    | core.deriv_client      | Connection error: 'ClientConnection' object has no attribute 'open'
2026-05-31 13:08:20 | WARNING  | bot                    | API disconnected — awaiting reconnect
2026-05-31 13:08:20 | INFO     | core.deriv_client      | Reconnecting in 1s (attempt 1)...
2026-05-31 13:08:22 | ERROR    | core.deriv_client      | Connection error: 'ClientConnection' object has no attribute 'open'
2026-05-31 13:08:22 | WARNING  | bot                    | API disconnected — awaiting reconnect
2026-05-31 13:08:22 | INFO     | core.deriv_client      | Reconnecting in 1s (attempt 1)...
2026-05-31 13:08:29 | ERROR    | core.deriv_client      | Connection error: 'ClientConnection' object has no attribute 'open'
2026-05-31 13:08:29 | WARNING  | bot                    | API disconnected — awaiting reconnect
2026-05-31 13:08:29 | INFO     | core.deriv_client      | Reconnecting in 1s (attempt 1)...
2026-05-31 13:08:32 | ERROR    | core.deriv_client      | Connection error: 'ClientConnection' object has no attribute 'open'
2026-05-31 13:08:32 | WARNING  | bot                    | API disconnected — awaiting reconnect
2026-05-31 13:08:32 | INFO     | core.deriv_client      | Reconnecting in 1s (attempt 1)...
2026-05-31 13:08:34 | ERROR    | core.deriv_client      | Connection error: 'ClientConnection' object has no attribute 'open'
2026-05-31 13:08:34 | WARNING  | bot                    | API disconnected — awaiting reconnect
2026-05-31 13:08:34 | INFO     | core.deriv_client      | Reconnecting in 1s (attempt 1)...
2026-05-31 13:08:36 | ERROR    | core.deriv_client      | Connection error: 'ClientConnection' object has no attribute 'open'
2026-05-31 13:08:36 | WARNING  | bot                    | API disconnected — awaiting reconnect
2026-05-31 13:08:36 | INFO     | core.deriv_client      | Reconnecting in 1s (attempt 1)...
2026-05-31 13:08:38 | ERROR    | core.deriv_client      | Connection error: 'ClientConnection' object has no attribute 'open'
2026-05-31 13:08:38 | WARNING  | bot                    | API disconnected — awaiting reconnect
2026-05-31 13:08:38 | INFO     | core.deriv_client      | Reconnecting in 1s (attempt 1)...
2026-05-31 13:08:40 | ERROR    | core.deriv_client      | Connection error: 'ClientConnection' object has no attribute 'open'
2026-05-31 13:08:40 | WARNING  | bot                    | API disconnected — awaiting reconnect
2026-05-31 13:08:40 | INFO     | core.deriv_client      | Reconnecting in 1s (attempt 1)...
2026-05-31 13:08:43 | ERROR    | core.deriv_client      | Connection error: 'ClientConnection' object has no attribute 'open'
2026-05-31 13:08:43 | WARNING  | bot                    | API disconnected — awaiting reconnect
2026-05-31 13:08:43 | INFO     | core.deriv_client      | Reconnecting in 1s (attempt 1)...
2026-05-31 13:08:45 | ERROR    | core.deriv_client      | Connection error: 'ClientConnection' object has no attribute 'open'
2026-05-31 13:08:45 | WARNING  | bot                    | API disconnected — awaiting reconnect
2026-05-31 13:08:45 | INFO     | core.deriv_client      | Reconnecting in 1s (attempt 1)...
2026-05-31 13:08:47 | ERROR    | core.deriv_client      | Connection error: 'ClientConnection' object has no attribute 'open'
2026-05-31 13:08:47 | WARNING  | bot                    | API disconnected — awaiting reconnect
2026-05-31 13:08:47 | INFO     | core.deriv_client      | Reconnecting in 1s (attempt 1)...
2026-05-31 13:08:50 | ERROR    | core.deriv_client      | Connection error: 'ClientConnection' object has no attribute 'open'
2026-05-31 13:08:50 | WARNING  | bot                    | API disconnected — awaiting reconnect
2026-05-31 13:08:50 | INFO     | core.deriv_client      | Reconnecting in 1s (attempt 1)...
2026-05-31 13:08:52 | ERROR    | core.deriv_client      | Connection error: 'ClientConnection' object has no attribute 'open'
2026-05-31 13:08:52 | WARNING  | bot                    | API disconnected — awaiting reconnect
2026-05-31 13:08:52 | INFO     | core.deriv_client      | Reconnecting in 1s (attempt 1)...
2026-05-31 13:08:54 | ERROR    | core.deriv_client      | Connection error: 'ClientConnection' object has no attribute 'open'
2026-05-31 13:08:54 | WARNING  | bot                    | API disconnected — awaiting reconnect
2026-05-31 13:08:54 | INFO     | core.deriv_client      | Reconnecting in 1s (attempt 1)...
2026-05-31 13:08:56 | ERROR    | core.deriv_client      | Connection error: 'ClientConnection' object has no attribute 'open'
2026-05-31 13:08:56 | WARNING  | bot                    | API disconnected — awaiting reconnect
2026-05-31 13:08:56 | INFO     | core.deriv_client      | Reconnecting in 1s (attempt 1)...
2026-05-31 13:08:59 | ERROR    | core.deriv_client      | Connection error: 'ClientConnection' object has no attribute 'open'
2026-05-31 13:08:59 | WARNING  | bot                    | API disconnected — awaiting reconnect
2026-05-31 13:08:59 | INFO     | core.deriv_client      | Reconnecting in 1s (attempt 1)...
2026-05-31 13:09:01 | ERROR    | core.deriv_client      | Connection error: 'ClientConnection' object has no attribute 'open'
2026-05-31 13:09:01 | WARNING  | bot                    | API disconnected — awaiting reconnect
2026-05-31 13:09:01 | INFO     | core.deriv_client      | Reconnecting in 1s (attempt 1)...
2026-05-31 13:09:03 | ERROR    | core.deriv_client      | Connection error: 'ClientConnection' object has no attribute 'open'
2026-05-31 13:09:03 | WARNING  | bot                    | API disconnected — awaiting reconnect
2026-05-31 13:09:03 | INFO     | core.deriv_client      | Reconnecting in 1s (attempt 1)...
2026-05-31 13:09:05 | ERROR    | core.deriv_client      | Connection error: 'ClientConnection' object has no attribute 'open'
2026-05-31 13:09:05 | WARNING  | bot                    | API disconnected — awaiting reconnect
2026-05-31 13:09:05 | INFO     | core.deriv_client      | Reconnecting in 1s (attempt 1)...
2026-05-31 13:09:08 | ERROR    | core.deriv_client      | Connection error: 'ClientConnection' object has no attribute 'open'
2026-05-31 13:09:08 | WARNING  | bot                    | API disconnected — awaiting reconnect
2026-05-31 13:09:08 | INFO     | core.deriv_client      | Reconnecting in 1s (attempt 1)...
2026-05-31 13:09:10 | ERROR    | core.deriv_client      | Connection error: 'ClientConnection' object has no attribute 'open'
2026-05-31 13:09:10 | WARNING  | bot                    | API disconnected — awaiting reconnect
2026-05-31 13:09:10 | INFO     | core.deriv_client      | Reconnecting in 1s (attempt 1)...
2026-05-31 13:09:12 | ERROR    | core.deriv_client      | Connection error: 'ClientConnection' object has no attribute 'open'
2026-05-31 13:09:12 | WARNING  | bot                    | API disconnected — awaiting reconnect
2026-05-31 13:09:12 | INFO     | core.deriv_client      | Reconnecting in 1s (attempt 1)...
2026-05-31 13:09:15 | ERROR    | core.deriv_client      | Connection error: 'ClientConnection' object has no attribute 'open'
2026-05-31 13:09:15 | WARNING  | bot                    | API disconnected — awaiting reconnect
2026-05-31 13:09:15 | INFO     | core.deriv_client      | Reconnecting in 1s (attempt 1)...
2026-05-31 13:09:17 | ERROR    | core.deriv_client      | Connection error: 'ClientConnection' object has no attribute 'open'
2026-05-31 13:09:17 | WARNING  | bot                    | API disconnected — awaiting reconnect
2026-05-31 13:09:17 | INFO     | core.deriv_client      | Reconnecting in 1s (attempt 1)...
2026-05-31 13:09:19 | ERROR    | core.deriv_client      | Connection error: 'ClientConnection' object has no attribute 'open'
2026-05-31 13:09:19 | WARNING  | bot                    | API disconnected — awaiting reconnect
2026-05-31 13:09:19 | INFO     | core.deriv_client      | Reconnecting in 1s (attempt 1)...
2026-05-31 13:09:21 | ERROR    | core.deriv_client      | Connection error: 'ClientConnection' object has no attribute 'open'
2026-05-31 13:09:21 | WARNING  | bot                    | API disconnected — awaiting reconnect
2026-05-31 13:09:21 | INFO     | core.deriv_client      | Reconnecting in 1s (attempt 1)...
2026-05-31 13:09:23 | ERROR    | core.deriv_client      | Connection error: 'ClientConnection' object has no attribute 'open'
2026-05-31 13:09:23 | WARNING  | bot                    | API disconnected — awaiting reconnect
2026-05-31 13:09:23 | INFO     | core.deriv_client      | Reconnecting in 1s (attempt 1)...
2026-05-31 13:09:26 | ERROR    | core.deriv_client      | Connection error: 'ClientConnection' object has no attribute 'open'
2026-05-31 13:09:26 | WARNING  | bot                    | API disconnected — awaiting reconnect
2026-05-31 13:09:26 | INFO     | core.deriv_client      | Reconnecting in 1s (attempt 1)...
2026-05-31 13:09:33 | ERROR    | core.deriv_client      | Connection error: 'ClientConnection' object has no attribute 'open'
2026-05-31 13:09:33 | WARNING  | bot                    | API disconnected — awaiting reconnect
2026-05-31 13:09:33 | INFO     | core.deriv_client      | Reconnecting in 1s (attempt 1)...
2026-05-31 13:09:35 | ERROR    | core.deriv_client      | Connection error: 'ClientConnection' object has no attribute 'open'
2026-05-31 13:09:35 | WARNING  | bot                    | API disconnected — awaiting reconnect
2026-05-31 13:09:35 | INFO     | core.deriv_client      | Reconnecting in 1s (attempt 1)...
2026-05-31 13:09:36 | INFO     | bot                    | Shutting down NexusTrade...
2026-05-31 13:09:36 | INFO     | bot                    | Shutdown complete.
2026-05-31 13:09:37 | INFO     | bot                    | Shutting down NexusTrade...
2026-05-31 13:09:37 | INFO     | bot                    | Shutdown complete.
2026-05-31 13:09:37 | INFO     | bot                    | Shutting down NexusTrade...
2026-05-31 13:09:37 | ERROR    | core.deriv_client      | Connection error: 'ClientConnection' object has no attribute 'open'
2026-05-31 13:09:37 | WARNING  | bot                    | API disconnected — awaiting reconnect
2026-05-31 13:09:37 | INFO     | bot                    | Shutdown complete.
2026-05-31 13:09:37 | INFO     | bot                    | Shutting down NexusTrade...
2026-05-31 13:09:37 | INFO     | bot                    | Shutdown complete.
2026-05-31 13:09:38 | INFO     | bot                    | Shutting down NexusTrade...
2026-05-31 13:09:38 | INFO     | bot                    | Shutdown complete.
2026-05-31 13:09:38 | INFO     | bot                    | Shutting down NexusTrade...
2026-05-31 13:09:38 | INFO     | bot                    | Shutdown complete.
2026-05-31 13:09:38 | INFO     | bot                    | Shutting down NexusTrade...
2026-05-31 13:09:38 | INFO     | bot                    | Shutdown complete.
2026-05-31 13:09:38 | INFO     | bot                    | Shutting down NexusTrade...
2026-05-31 13:09:38 | INFO     | bot                    | Shutdown complete.
2026-05-31 13:09:38 | INFO     | bot                    | Shutting down NexusTrade...
2026-05-31 13:09:38 | INFO     | bot                    | Shutdown complete.
2026-05-31 13:21:09 | INFO     | bot                    | ============================================================
2026-05-31 13:21:09 | INFO     | bot                    | NexusTrade Bot Starting
2026-05-31 13:21:09 | INFO     | bot                    | Mode: DEMO
2026-05-31 13:21:09 | INFO     | bot                    | Markets: R_100, R_75, R_50, R_25
2026-05-31 13:21:09 | INFO     | bot                    | ============================================================
2026-05-31 13:21:09 | INFO     | bot                    | Config OK | App ID: 1089 | Token: ...here | Demo: True
2026-05-31 13:21:09 | INFO     | db.trade_logger        | Database initialized: data/nexustrade.db
2026-05-31 13:21:09 | INFO     | core.deriv_client      | Connecting to Deriv API (DEMO)... [attempt 1]
2026-05-31 13:21:30 | ERROR    | core.deriv_client      | Network error: No response within 20.0s (req_id=1, type=authorize)
2026-05-31 13:21:30 | WARNING  | bot                    | API disconnected — awaiting reconnect
2026-05-31 13:21:30 | INFO     | core.deriv_client      | Reconnecting in 1s...
2026-05-31 13:21:31 | INFO     | core.deriv_client      | Connecting to Deriv API (DEMO)... [attempt 2]
2026-05-31 13:21:52 | ERROR    | core.deriv_client      | Network error: No response within 20.0s (req_id=2, type=authorize)
2026-05-31 13:21:52 | WARNING  | bot                    | API disconnected — awaiting reconnect
2026-05-31 13:21:52 | INFO     | core.deriv_client      | Reconnecting in 1s...
2026-05-31 13:21:53 | INFO     | core.deriv_client      | Connecting to Deriv API (DEMO)... [attempt 2]
2026-05-31 13:22:14 | ERROR    | core.deriv_client      | Network error: No response within 20.0s (req_id=3, type=authorize)
2026-05-31 13:22:14 | WARNING  | bot                    | API disconnected — awaiting reconnect
2026-05-31 13:22:14 | INFO     | core.deriv_client      | Reconnecting in 1s...
2026-05-31 13:22:15 | INFO     | core.deriv_client      | Connecting to Deriv API (DEMO)... [attempt 2]
2026-05-31 13:22:37 | ERROR    | core.deriv_client      | Network error: No response within 20.0s (req_id=4, type=authorize)
2026-05-31 13:22:37 | WARNING  | bot                    | API disconnected — awaiting reconnect
2026-05-31 13:22:37 | INFO     | core.deriv_client      | Reconnecting in 1s...
2026-05-31 13:22:38 | INFO     | core.deriv_client      | Connecting to Deriv API (DEMO)... [attempt 2]
2026-05-31 13:22:59 | ERROR    | core.deriv_client      | Network error: No response within 20.0s (req_id=5, type=authorize)
2026-05-31 13:22:59 | WARNING  | bot                    | API disconnected — awaiting reconnect
2026-05-31 13:22:59 | INFO     | core.deriv_client      | Reconnecting in 1s...
2026-05-31 13:23:00 | INFO     | core.deriv_client      | Connecting to Deriv API (DEMO)... [attempt 2]
2026-05-31 13:23:21 | ERROR    | core.deriv_client      | Network error: No response within 20.0s (req_id=6, type=authorize)
2026-05-31 13:23:21 | WARNING  | bot                    | API disconnected — awaiting reconnect
2026-05-31 13:23:21 | INFO     | core.deriv_client      | Reconnecting in 1s...
2026-05-31 13:23:22 | INFO     | core.deriv_client      | Connecting to Deriv API (DEMO)... [attempt 2]
2026-05-31 13:23:43 | ERROR    | core.deriv_client      | Network error: No response within 20.0s (req_id=7, type=authorize)
2026-05-31 13:23:43 | WARNING  | bot                    | API disconnected — awaiting reconnect
2026-05-31 13:23:43 | INFO     | core.deriv_client      | Reconnecting in 1s...
2026-05-31 13:23:44 | INFO     | core.deriv_client      | Connecting to Deriv API (DEMO)... [attempt 2]
2026-05-31 13:24:05 | ERROR    | core.deriv_client      | Network error: No response within 20.0s (req_id=8, type=authorize)
2026-05-31 13:24:05 | WARNING  | bot                    | API disconnected — awaiting reconnect
2026-05-31 13:24:05 | INFO     | core.deriv_client      | Reconnecting in 1s...
2026-05-31 13:24:06 | INFO     | core.deriv_client      | Connecting to Deriv API (DEMO)... [attempt 2]
2026-05-31 13:24:28 | ERROR    | core.deriv_client      | Network error: No response within 20.0s (req_id=9, type=authorize)
2026-05-31 13:24:28 | WARNING  | bot                    | API disconnected — awaiting reconnect
2026-05-31 13:24:28 | INFO     | core.deriv_client      | Reconnecting in 1s...
2026-05-31 13:24:29 | INFO     | core.deriv_client      | Connecting to Deriv API (DEMO)... [attempt 2]
2026-05-31 13:24:50 | ERROR    | core.deriv_client      | Network error: No response within 20.0s (req_id=10, type=authorize)
2026-05-31 13:24:50 | WARNING  | bot                    | API disconnected — awaiting reconnect
2026-05-31 13:24:50 | INFO     | core.deriv_client      | Reconnecting in 1s...
2026-05-31 13:24:51 | INFO     | core.deriv_client      | Connecting to Deriv API (DEMO)... [attempt 2]
2026-05-31 13:25:12 | ERROR    | core.deriv_client      | Network error: No response within 20.0s (req_id=11, type=authorize)
2026-05-31 13:25:12 | WARNING  | bot                    | API disconnected — awaiting reconnect
2026-05-31 13:25:12 | INFO     | core.deriv_client      | Reconnecting in 1s...
2026-05-31 13:25:13 | INFO     | core.deriv_client      | Connecting to Deriv API (DEMO)... [attempt 2]
2026-05-31 13:25:35 | ERROR    | core.deriv_client      | Network error: No response within 20.0s (req_id=12, type=authorize)
2026-05-31 13:25:35 | WARNING  | bot                    | API disconnected — awaiting reconnect
2026-05-31 13:25:35 | INFO     | core.deriv_client      | Reconnecting in 1s...
2026-05-31 13:25:36 | INFO     | core.deriv_client      | Connecting to Deriv API (DEMO)... [attempt 2]
2026-05-31 13:25:57 | ERROR    | core.deriv_client      | Network error: No response within 20.0s (req_id=13, type=authorize)
2026-05-31 13:25:57 | WARNING  | bot                    | API disconnected — awaiting reconnect
2026-05-31 13:25:57 | INFO     | core.deriv_client      | Reconnecting in 1s...
2026-05-31 13:25:58 | INFO     | core.deriv_client      | Connecting to Deriv API (DEMO)... [attempt 2]
2026-05-31 13:26:19 | ERROR    | core.deriv_client      | Network error: No response within 20.0s (req_id=14, type=authorize)
2026-05-31 13:26:19 | WARNING  | bot                    | API disconnected — awaiting reconnect
2026-05-31 13:26:19 | INFO     | core.deriv_client      | Reconnecting in 1s...
2026-05-31 13:26:20 | INFO     | core.deriv_client      | Connecting to Deriv API (DEMO)... [attempt 2]
2026-05-31 13:26:41 | ERROR    | core.deriv_client      | Network error: No response within 20.0s (req_id=15, type=authorize)
2026-05-31 13:26:41 | WARNING  | bot                    | API disconnected — awaiting reconnect
2026-05-31 13:26:41 | INFO     | core.deriv_client      | Reconnecting in 1s...
2026-05-31 13:26:42 | INFO     | core.deriv_client      | Connecting to Deriv API (DEMO)... [attempt 2]
2026-05-31 13:26:50 | INFO     | bot                    | Shutting down NexusTrade...
2026-05-31 13:26:50 | INFO     | bot                    | Shutdown complete.
2026-05-31 13:26:51 | INFO     | bot                    | Shutting down NexusTrade...
2026-05-31 13:26:51 | INFO     | bot                    | Shutdown complete.
2026-05-31 13:26:51 | INFO     | bot                    | Shutting down NexusTrade...
2026-05-31 13:26:51 | INFO     | bot                    | Shutdown complete.
2026-05-31 13:26:51 | INFO     | bot                    | Shutting down NexusTrade...
2026-05-31 13:26:51 | INFO     | bot                    | Shutdown complete.
2026-05-31 13:26:52 | INFO     | bot                    | Shutting down NexusTrade...
2026-05-31 13:26:52 | INFO     | bot                    | Shutdown complete.
2026-05-31 13:26:52 | INFO     | bot                    | Shutting down NexusTrade...
2026-05-31 13:26:52 | INFO     | bot                    | Shutdown complete.
2026-05-31 13:26:52 | INFO     | bot                    | Shutting down NexusTrade...
2026-05-31 13:26:52 | INFO     | bot                    | Shutdown complete.
2026-05-31 13:29:08 | INFO     | bot                    | ============================================================
2026-05-31 13:29:08 | INFO     | bot                    | NexusTrade Bot Starting
2026-05-31 13:29:08 | INFO     | bot                    | Mode: DEMO
2026-05-31 13:29:08 | INFO     | bot                    | Markets: R_100, R_75, R_50, R_25
2026-05-31 13:29:08 | INFO     | bot                    | ============================================================
2026-05-31 13:29:08 | INFO     | bot                    | Config OK | App ID: 1089 | Token: ...f040 | Demo: True
2026-05-31 13:29:08 | INFO     | db.trade_logger        | Database initialized: data/nexustrade.db
2026-05-31 13:29:08 | INFO     | core.deriv_client      | Connecting to Deriv API (DEMO)... [attempt 1]
2026-05-31 13:29:34 | ERROR    | core.deriv_client      | Network error: No response within 20.0s (req_id=1, type=authorize)
2026-05-31 13:29:34 | WARNING  | bot                    | API disconnected — awaiting reconnect
2026-05-31 13:29:34 | INFO     | core.deriv_client      | Reconnecting in 1s...
2026-05-31 13:29:35 | INFO     | core.deriv_client      | Connecting to Deriv API (DEMO)... [attempt 2]
2026-05-31 13:29:57 | ERROR    | core.deriv_client      | Network error: No response within 20.0s (req_id=2, type=authorize)
2026-05-31 13:29:57 | WARNING  | bot                    | API disconnected — awaiting reconnect
2026-05-31 13:29:57 | INFO     | core.deriv_client      | Reconnecting in 1s...
2026-05-31 13:29:58 | INFO     | core.deriv_client      | Connecting to Deriv API (DEMO)... [attempt 2]
2026-05-31 13:30:24 | ERROR    | core.deriv_client      | Network error: No response within 20.0s (req_id=3, type=authorize)
2026-05-31 13:30:24 | WARNING  | bot                    | API disconnected — awaiting reconnect
2026-05-31 13:30:24 | INFO     | core.deriv_client      | Reconnecting in 1s...
2026-05-31 13:30:25 | INFO     | core.deriv_client      | Connecting to Deriv API (DEMO)... [attempt 2]
2026-05-31 13:30:46 | ERROR    | core.deriv_client      | Network error: No response within 20.0s (req_id=4, type=authorize)
2026-05-31 13:30:46 | WARNING  | bot                    | API disconnected — awaiting reconnect
2026-05-31 13:30:46 | INFO     | core.deriv_client      | Reconnecting in 1s...
2026-05-31 13:30:47 | INFO     | core.deriv_client      | Connecting to Deriv API (DEMO)... [attempt 2]
2026-05-31 13:31:09 | ERROR    | core.deriv_client      | Network error: No response within 20.0s (req_id=5, type=authorize)
2026-05-31 13:31:09 | WARNING  | bot                    | API disconnected — awaiting reconnect
2026-05-31 13:31:09 | INFO     | core.deriv_client      | Reconnecting in 1s...
2026-05-31 13:31:10 | INFO     | core.deriv_client      | Connecting to Deriv API (DEMO)... [attempt 2]
2026-05-31 13:31:36 | ERROR    | core.deriv_client      | Network error: No response within 20.0s (req_id=6, type=authorize)
2026-05-31 13:31:36 | WARNING  | bot                    | API disconnected — awaiting reconnect
2026-05-31 13:31:36 | INFO     | core.deriv_client      | Reconnecting in 1s...
2026-05-31 13:31:37 | INFO     | core.deriv_client      | Connecting to Deriv API (DEMO)... [attempt 2]
2026-05-31 13:31:58 | ERROR    | core.deriv_client      | Network error: No response within 20.0s (req_id=7, type=authorize)
2026-05-31 13:31:58 | WARNING  | bot                    | API disconnected — awaiting reconnect
2026-05-31 13:31:58 | INFO     | core.deriv_client      | Reconnecting in 1s...
2026-05-31 13:31:59 | INFO     | core.deriv_client      | Connecting to Deriv API (DEMO)... [attempt 2]
2026-05-31 13:32:20 | ERROR    | core.deriv_client      | Network error: No response within 20.0s (req_id=8, type=authorize)
2026-05-31 13:32:20 | WARNING  | bot                    | API disconnected — awaiting reconnect
2026-05-31 13:32:20 | INFO     | core.deriv_client      | Reconnecting in 1s...
2026-05-31 13:32:21 | INFO     | core.deriv_client      | Connecting to Deriv API (DEMO)... [attempt 2]
2026-05-31 13:32:42 | ERROR    | core.deriv_client      | Network error: No response within 20.0s (req_id=9, type=authorize)
2026-05-31 13:32:42 | WARNING  | bot                    | API disconnected — awaiting reconnect
2026-05-31 13:32:42 | INFO     | core.deriv_client      | Reconnecting in 1s...
2026-05-31 13:32:43 | INFO     | core.deriv_client      | Connecting to Deriv API (DEMO)... [attempt 2]
2026-05-31 13:33:04 | ERROR    | core.deriv_client      | Network error: No response within 20.0s (req_id=10, type=authorize)
2026-05-31 13:33:04 | WARNING  | bot                    | API disconnected — awaiting reconnect
2026-05-31 13:33:04 | INFO     | core.deriv_client      | Reconnecting in 1s...
2026-05-31 13:33:05 | INFO     | core.deriv_client      | Connecting to Deriv API (DEMO)... [attempt 2]
2026-05-31 13:33:27 | ERROR    | core.deriv_client      | Network error: No response within 20.0s (req_id=11, type=authorize)
2026-05-31 13:33:27 | WARNING  | bot                    | API disconnected — awaiting reconnect
2026-05-31 13:33:27 | INFO     | core.deriv_client      | Reconnecting in 1s...
2026-05-31 13:33:28 | INFO     | core.deriv_client      | Connecting to Deriv API (DEMO)... [attempt 2]
2026-05-31 13:33:49 | ERROR    | core.deriv_client      | Network error: No response within 20.0s (req_id=12, type=authorize)
2026-05-31 13:33:49 | WARNING  | bot                    | API disconnected — awaiting reconnect
2026-05-31 13:33:49 | INFO     | core.deriv_client      | Reconnecting in 1s...
2026-05-31 13:33:50 | INFO     | core.deriv_client      | Connecting to Deriv API (DEMO)... [attempt 2]
2026-05-31 13:34:11 | ERROR    | core.deriv_client      | Network error: No response within 20.0s (req_id=13, type=authorize)
2026-05-31 13:34:11 | WARNING  | bot                    | API disconnected — awaiting reconnect
2026-05-31 13:34:11 | INFO     | core.deriv_client      | Reconnecting in 1s...
2026-05-31 13:34:12 | INFO     | core.deriv_client      | Connecting to Deriv API (DEMO)... [attempt 2]
2026-05-31 13:34:33 | ERROR    | core.deriv_client      | Network error: No response within 20.0s (req_id=14, type=authorize)
2026-05-31 13:34:33 | WARNING  | bot                    | API disconnected — awaiting reconnect
2026-05-31 13:34:33 | INFO     | core.deriv_client      | Reconnecting in 1s...
2026-05-31 13:34:34 | INFO     | core.deriv_client      | Connecting to Deriv API (DEMO)... [attempt 2]
2026-05-31 13:34:56 | ERROR    | core.deriv_client      | Network error: No response within 20.0s (req_id=15, type=authorize)
2026-05-31 13:34:56 | WARNING  | bot                    | API disconnected — awaiting reconnect
2026-05-31 13:34:56 | INFO     | core.deriv_client      | Reconnecting in 1s...
2026-05-31 13:34:57 | INFO     | core.deriv_client      | Connecting to Deriv API (DEMO)... [attempt 2]
2026-05-31 13:35:18 | ERROR    | core.deriv_client      | Network error: No response within 20.0s (req_id=16, type=authorize)
2026-05-31 13:35:18 | WARNING  | bot                    | API disconnected — awaiting reconnect
2026-05-31 13:35:18 | INFO     | core.deriv_client      | Reconnecting in 1s...
2026-05-31 13:35:19 | INFO     | core.deriv_client      | Connecting to Deriv API (DEMO)... [attempt 2]
2026-05-31 13:35:40 | ERROR    | core.deriv_client      | Network error: No response within 20.0s (req_id=17, type=authorize)
2026-05-31 13:35:40 | WARNING  | bot                    | API disconnected — awaiting reconnect
2026-05-31 13:35:40 | INFO     | core.deriv_client      | Reconnecting in 1s...
2026-05-31 13:35:41 | INFO     | core.deriv_client      | Connecting to Deriv API (DEMO)... [attempt 2]
2026-05-31 13:36:02 | ERROR    | core.deriv_client      | Network error: No response within 20.0s (req_id=18, type=authorize)
2026-05-31 13:36:02 | WARNING  | bot                    | API disconnected — awaiting reconnect
2026-05-31 13:36:02 | INFO     | core.deriv_client      | Reconnecting in 1s...
2026-05-31 13:36:03 | INFO     | core.deriv_client      | Connecting to Deriv API (DEMO)... [attempt 2]
2026-05-31 13:36:25 | ERROR    | core.deriv_client      | Network error: No response within 20.0s (req_id=19, type=authorize)
2026-05-31 13:36:25 | WARNING  | bot                    | API disconnected — awaiting reconnect
2026-05-31 13:36:25 | INFO     | core.deriv_client      | Reconnecting in 1s...
2026-05-31 13:36:26 | INFO     | core.deriv_client      | Connecting to Deriv API (DEMO)... [attempt 2]
2026-05-31 13:36:47 | ERROR    | core.deriv_client      | Network error: No response within 20.0s (req_id=20, type=authorize)
2026-05-31 13:36:47 | WARNING  | bot                    | API disconnected — awaiting reconnect
2026-05-31 13:36:47 | INFO     | core.deriv_client      | Reconnecting in 1s...
2026-05-31 13:36:48 | INFO     | core.deriv_client      | Connecting to Deriv API (DEMO)... [attempt 2]
2026-05-31 13:37:09 | ERROR    | core.deriv_client      | Network error: No response within 20.0s (req_id=21, type=authorize)
2026-05-31 13:37:09 | WARNING  | bot                    | API disconnected — awaiting reconnect
2026-05-31 13:37:09 | INFO     | core.deriv_client      | Reconnecting in 1s...
2026-05-31 13:37:10 | INFO     | core.deriv_client      | Connecting to Deriv API (DEMO)... [attempt 2]
2026-05-31 13:37:31 | ERROR    | core.deriv_client      | Network error: No response within 20.0s (req_id=22, type=authorize)
2026-05-31 13:37:31 | WARNING  | bot                    | API disconnected — awaiting reconnect
2026-05-31 13:37:31 | INFO     | core.deriv_client      | Reconnecting in 1s...
2026-05-31 13:37:32 | INFO     | core.deriv_client      | Connecting to Deriv API (DEMO)... [attempt 2]
2026-05-31 13:37:54 | ERROR    | core.deriv_client      | Network error: No response within 20.0s (req_id=23, type=authorize)
2026-05-31 13:37:54 | WARNING  | bot                    | API disconnected — awaiting reconnect
2026-05-31 13:37:54 | INFO     | core.deriv_client      | Reconnecting in 1s...
2026-05-31 13:37:55 | INFO     | core.deriv_client      | Connecting to Deriv API (DEMO)... [attempt 2]
2026-05-31 13:38:21 | ERROR    | core.deriv_client      | Network error: No response within 20.0s (req_id=24, type=authorize)
2026-05-31 13:38:21 | WARNING  | bot                    | API disconnected — awaiting reconnect
2026-05-31 13:38:21 | INFO     | core.deriv_client      | Reconnecting in 1s...
2026-05-31 13:38:22 | INFO     | core.deriv_client      | Connecting to Deriv API (DEMO)... [attempt 2]
2026-05-31 13:38:43 | ERROR    | core.deriv_client      | Network error: No response within 20.0s (req_id=25, type=authorize)
2026-05-31 13:38:43 | WARNING  | bot                    | API disconnected — awaiting reconnect
2026-05-31 13:38:43 | INFO     | core.deriv_client      | Reconnecting in 1s...
2026-05-31 13:38:44 | INFO     | core.deriv_client      | Connecting to Deriv API (DEMO)... [attempt 2]
2026-05-31 13:39:05 | ERROR    | core.deriv_client      | Network error: No response within 20.0s (req_id=26, type=authorize)
2026-05-31 13:39:05 | WARNING  | bot                    | API disconnected — awaiting reconnect
2026-05-31 13:39:05 | INFO     | core.deriv_client      | Reconnecting in 1s...
2026-05-31 13:39:06 | INFO     | core.deriv_client      | Connecting to Deriv API (DEMO)... [attempt 2]
2026-05-31 13:39:27 | ERROR    | core.deriv_client      | Network error: No response within 20.0s (req_id=27, type=authorize)
2026-05-31 13:39:27 | WARNING  | bot                    | API disconnected — awaiting reconnect
2026-05-31 13:39:27 | INFO     | core.deriv_client      | Reconnecting in 1s...
2026-05-31 13:39:28 | INFO     | core.deriv_client      | Connecting to Deriv API (DEMO)... [attempt 2]
2026-05-31 13:39:49 | ERROR    | core.deriv_client      | Network error: No response within 20.0s (req_id=28, type=authorize)
2026-05-31 13:39:49 | WARNING  | bot                    | API disconnected — awaiting reconnect
2026-05-31 13:39:49 | INFO     | core.deriv_client      | Reconnecting in 1s...
2026-05-31 13:39:50 | INFO     | core.deriv_client      | Connecting to Deriv API (DEMO)... [attempt 2]
2026-05-31 13:40:12 | ERROR    | core.deriv_client      | Network error: No response within 20.0s (req_id=29, type=authorize)
2026-05-31 13:40:12 | WARNING  | bot                    | API disconnected — awaiting reconnect
2026-05-31 13:40:12 | INFO     | core.deriv_client      | Reconnecting in 1s...
2026-05-31 13:40:13 | INFO     | core.deriv_client      | Connecting to Deriv API (DEMO)... [attempt 2]
2026-05-31 13:40:34 | ERROR    | core.deriv_client      | Network error: No response within 20.0s (req_id=30, type=authorize)
2026-05-31 13:40:34 | WARNING  | bot                    | API disconnected — awaiting reconnect
2026-05-31 13:40:34 | INFO     | core.deriv_client      | Reconnecting in 1s...
2026-05-31 13:40:35 | INFO     | core.deriv_client      | Connecting to Deriv API (DEMO)... [attempt 2]
2026-05-31 13:40:56 | ERROR    | core.deriv_client      | Network error: No response within 20.0s (req_id=31, type=authorize)
2026-05-31 13:40:56 | WARNING  | bot                    | API disconnected — awaiting reconnect
2026-05-31 13:40:56 | INFO     | core.deriv_client      | Reconnecting in 1s...
2026-05-31 13:40:57 | INFO     | core.deriv_client      | Connecting to Deriv API (DEMO)... [attempt 2]
2026-05-31 13:41:18 | ERROR    | core.deriv_client      | Network error: No response within 20.0s (req_id=32, type=authorize)
2026-05-31 13:41:18 | WARNING  | bot                    | API disconnected — awaiting reconnect
2026-05-31 13:41:18 | INFO     | core.deriv_client      | Reconnecting in 1s...
2026-05-31 13:41:19 | INFO     | core.deriv_client      | Connecting to Deriv API (DEMO)... [attempt 2]
2026-05-31 13:41:40 | ERROR    | core.deriv_client      | Network error: No response within 20.0s (req_id=33, type=authorize)
2026-05-31 13:41:40 | WARNING  | bot                    | API disconnected — awaiting reconnect
2026-05-31 13:41:40 | INFO     | core.deriv_client      | Reconnecting in 1s...
2026-05-31 13:41:41 | INFO     | core.deriv_client      | Connecting to Deriv API (DEMO)... [attempt 2]
2026-05-31 13:42:03 | ERROR    | core.deriv_client      | Network error: No response within 20.0s (req_id=34, type=authorize)
2026-05-31 13:42:03 | WARNING  | bot                    | API disconnected — awaiting reconnect
2026-05-31 13:42:03 | INFO     | core.deriv_client      | Reconnecting in 1s...
2026-05-31 13:42:04 | INFO     | core.deriv_client      | Connecting to Deriv API (DEMO)... [attempt 2]
2026-05-31 13:42:25 | ERROR    | core.deriv_client      | Network error: No response within 20.0s (req_id=35, type=authorize)
2026-05-31 13:42:25 | WARNING  | bot                    | API disconnected — awaiting reconnect
2026-05-31 13:42:25 | INFO     | core.deriv_client      | Reconnecting in 1s...
2026-05-31 13:42:26 | INFO     | core.deriv_client      | Connecting to Deriv API (DEMO)... [attempt 2]
2026-05-31 13:42:47 | ERROR    | core.deriv_client      | Network error: No response within 20.0s (req_id=36, type=authorize)
2026-05-31 13:42:47 | WARNING  | bot                    | API disconnected — awaiting reconnect
2026-05-31 13:42:47 | INFO     | core.deriv_client      | Reconnecting in 1s...
2026-05-31 13:42:48 | INFO     | core.deriv_client      | Connecting to Deriv API (DEMO)... [attempt 2]
2026-05-31 13:43:09 | ERROR    | core.deriv_client      | Network error: No response within 20.0s (req_id=37, type=authorize)
2026-05-31 13:43:09 | WARNING  | bot                    | API disconnected — awaiting reconnect
2026-05-31 13:43:09 | INFO     | core.deriv_client      | Reconnecting in 1s...
2026-05-31 13:43:10 | INFO     | core.deriv_client      | Connecting to Deriv API (DEMO)... [attempt 2]
2026-05-31 13:43:31 | ERROR    | core.deriv_client      | Network error: No response within 20.0s (req_id=38, type=authorize)
2026-05-31 13:43:31 | WARNING  | bot                    | API disconnected — awaiting reconnect
2026-05-31 13:43:31 | INFO     | core.deriv_client      | Reconnecting in 1s...
2026-05-31 13:43:32 | INFO     | core.deriv_client      | Connecting to Deriv API (DEMO)... [attempt 2]
2026-05-31 13:43:53 | ERROR    | core.deriv_client      | Network error: No response within 20.0s (req_id=39, type=authorize)
2026-05-31 13:43:53 | WARNING  | bot                    | API disconnected — awaiting reconnect
2026-05-31 13:43:53 | INFO     | core.deriv_client      | Reconnecting in 1s...
2026-05-31 13:43:54 | INFO     | core.deriv_client      | Connecting to Deriv API (DEMO)... [attempt 2]
2026-05-31 13:44:16 | ERROR    | core.deriv_client      | Network error: No response within 20.0s (req_id=40, type=authorize)
2026-05-31 13:44:16 | WARNING  | bot                    | API disconnected — awaiting reconnect
2026-05-31 13:44:16 | INFO     | core.deriv_client      | Reconnecting in 1s...
2026-05-31 13:44:17 | INFO     | core.deriv_client      | Connecting to Deriv API (DEMO)... [attempt 2]
2026-05-31 13:44:38 | ERROR    | core.deriv_client      | Network error: No response within 20.0s (req_id=41, type=authorize)
2026-05-31 13:44:38 | WARNING  | bot                    | API disconnected — awaiting reconnect
2026-05-31 13:44:38 | INFO     | core.deriv_client      | Reconnecting in 1s...
2026-05-31 13:44:39 | INFO     | core.deriv_client      | Connecting to Deriv API (DEMO)... [attempt 2]
2026-05-31 13:45:00 | ERROR    | core.deriv_client      | Network error: No response within 20.0s (req_id=42, type=authorize)
2026-05-31 13:45:00 | WARNING  | bot                    | API disconnected — awaiting reconnect
2026-05-31 13:45:00 | INFO     | core.deriv_client      | Reconnecting in 1s...
2026-05-31 13:45:01 | INFO     | core.deriv_client      | Connecting to Deriv API (DEMO)... [attempt 2]
2026-05-31 13:45:22 | ERROR    | core.deriv_client      | Network error: No response within 20.0s (req_id=43, type=authorize)
2026-05-31 13:45:22 | WARNING  | bot                    | API disconnected — awaiting reconnect
2026-05-31 13:45:22 | INFO     | core.deriv_client      | Reconnecting in 1s...
2026-05-31 13:45:23 | INFO     | core.deriv_client      | Connecting to Deriv API (DEMO)... [attempt 2]
2026-05-31 13:45:44 | ERROR    | core.deriv_client      | Network error: No response within 20.0s (req_id=44, type=authorize)
2026-05-31 13:45:44 | WARNING  | bot                    | API disconnected — awaiting reconnect
2026-05-31 13:45:44 | INFO     | core.deriv_client      | Reconnecting in 1s...
2026-05-31 13:45:45 | INFO     | core.deriv_client      | Connecting to Deriv API (DEMO)... [attempt 2]
2026-05-31 13:46:07 | ERROR    | core.deriv_client      | Network error: No response within 20.0s (req_id=45, type=authorize)
2026-05-31 13:46:07 | WARNING  | bot                    | API disconnected — awaiting reconnect
2026-05-31 13:46:07 | INFO     | core.deriv_client      | Reconnecting in 1s...
2026-05-31 13:46:08 | INFO     | core.deriv_client      | Connecting to Deriv API (DEMO)... [attempt 2]
2026-05-31 13:46:29 | ERROR    | core.deriv_client      | Network error: No response within 20.0s (req_id=46, type=authorize)
2026-05-31 13:46:29 | WARNING  | bot                    | API disconnected — awaiting reconnect
2026-05-31 13:46:29 | INFO     | core.deriv_client      | Reconnecting in 1s...
2026-05-31 13:46:30 | INFO     | core.deriv_client      | Connecting to Deriv API (DEMO)... [attempt 2]
2026-05-31 13:46:51 | ERROR    | core.deriv_client      | Network error: No response within 20.0s (req_id=47, type=authorize)
2026-05-31 13:46:51 | WARNING  | bot                    | API disconnected — awaiting reconnect
2026-05-31 13:46:51 | INFO     | core.deriv_client      | Reconnecting in 1s...
2026-05-31 13:46:52 | INFO     | core.deriv_client      | Connecting to Deriv API (DEMO)... [attempt 2]
2026-05-31 13:47:13 | ERROR    | core.deriv_client      | Network error: No response within 20.0s (req_id=48, type=authorize)
2026-05-31 13:47:13 | WARNING  | bot                    | API disconnected — awaiting reconnect
2026-05-31 13:47:13 | INFO     | core.deriv_client      | Reconnecting in 1s...
2026-05-31 13:47:14 | INFO     | core.deriv_client      | Connecting to Deriv API (DEMO)... [attempt 2]
2026-05-31 13:47:35 | ERROR    | core.deriv_client      | Network error: No response within 20.0s (req_id=49, type=authorize)
2026-05-31 13:47:35 | WARNING  | bot                    | API disconnected — awaiting reconnect
2026-05-31 13:47:35 | INFO     | core.deriv_client      | Reconnecting in 1s...
2026-05-31 13:47:36 | INFO     | core.deriv_client      | Connecting to Deriv API (DEMO)... [attempt 2]
2026-05-31 13:47:57 | ERROR    | core.deriv_client      | Network error: No response within 20.0s (req_id=50, type=authorize)
2026-05-31 13:47:57 | WARNING  | bot                    | API disconnected — awaiting reconnect
2026-05-31 13:47:57 | INFO     | core.deriv_client      | Reconnecting in 1s...
2026-05-31 13:47:58 | INFO     | core.deriv_client      | Connecting to Deriv API (DEMO)... [attempt 2]
2026-05-31 13:48:20 | ERROR    | core.deriv_client      | Network error: No response within 20.0s (req_id=51, type=authorize)
2026-05-31 13:48:20 | WARNING  | bot                    | API disconnected — awaiting reconnect
2026-05-31 13:48:20 | INFO     | core.deriv_client      | Reconnecting in 1s...
2026-05-31 13:48:21 | INFO     | core.deriv_client      | Connecting to Deriv API (DEMO)... [attempt 2]
2026-05-31 13:48:42 | ERROR    | core.deriv_client      | Network error: No response within 20.0s (req_id=52, type=authorize)
2026-05-31 13:48:42 | WARNING  | bot                    | API disconnected — awaiting reconnect
2026-05-31 13:48:42 | INFO     | core.deriv_client      | Reconnecting in 1s...
2026-05-31 13:48:43 | INFO     | core.deriv_client      | Connecting to Deriv API (DEMO)... [attempt 2]
2026-05-31 13:49:04 | ERROR    | core.deriv_client      | Network error: No response within 20.0s (req_id=53, type=authorize)
2026-05-31 13:49:04 | WARNING  | bot                    | API disconnected — awaiting reconnect
2026-05-31 13:49:04 | INFO     | core.deriv_client      | Reconnecting in 1s...
2026-05-31 13:49:05 | INFO     | core.deriv_client      | Connecting to Deriv API (DEMO)... [attempt 2]
2026-05-31 13:49:26 | ERROR    | core.deriv_client      | Network error: No response within 20.0s (req_id=54, type=authorize)
2026-05-31 13:49:26 | WARNING  | bot                    | API disconnected — awaiting reconnect
2026-05-31 13:49:26 | INFO     | core.deriv_client      | Reconnecting in 1s...
2026-05-31 13:49:27 | INFO     | core.deriv_client      | Connecting to Deriv API (DEMO)... [attempt 2]
2026-05-31 13:49:49 | ERROR    | core.deriv_client      | Network error: No response within 20.0s (req_id=55, type=authorize)
2026-05-31 13:49:49 | WARNING  | bot                    | API disconnected — awaiting reconnect
2026-05-31 13:49:49 | INFO     | core.deriv_client      | Reconnecting in 1s...
2026-05-31 13:49:50 | INFO     | core.deriv_client      | Connecting to Deriv API (DEMO)... [attempt 2]
2026-05-31 13:50:11 | ERROR    | core.deriv_client      | Network error: No response within 20.0s (req_id=56, type=authorize)
2026-05-31 13:50:11 | WARNING  | bot                    | API disconnected — awaiting reconnect
2026-05-31 13:50:11 | INFO     | core.deriv_client      | Reconnecting in 1s...
2026-05-31 13:50:12 | INFO     | core.deriv_client      | Connecting to Deriv API (DEMO)... [attempt 2]
2026-05-31 13:50:33 | ERROR    | core.deriv_client      | Network error: No response within 20.0s (req_id=57, type=authorize)
2026-05-31 13:50:33 | WARNING  | bot                    | API disconnected — awaiting reconnect
2026-05-31 13:50:33 | INFO     | core.deriv_client      | Reconnecting in 1s...
2026-05-31 13:50:34 | INFO     | core.deriv_client      | Connecting to Deriv API (DEMO)... [attempt 2]
2026-05-31 13:50:56 | ERROR    | core.deriv_client      | Network error: No response within 20.0s (req_id=58, type=authorize)
2026-05-31 13:50:56 | WARNING  | bot                    | API disconnected — awaiting reconnect
2026-05-31 13:50:56 | INFO     | core.deriv_client      | Reconnecting in 1s...
2026-05-31 13:50:57 | INFO     | core.deriv_client      | Connecting to Deriv API (DEMO)... [attempt 2]
2026-05-31 13:51:18 | ERROR    | core.deriv_client      | Network error: No response within 20.0s (req_id=59, type=authorize)
2026-05-31 13:51:18 | WARNING  | bot                    | API disconnected — awaiting reconnect
2026-05-31 13:51:18 | INFO     | core.deriv_client      | Reconnecting in 1s...
2026-05-31 13:51:19 | INFO     | core.deriv_client      | Connecting to Deriv API (DEMO)... [attempt 2]
2026-05-31 13:51:40 | ERROR    | core.deriv_client      | Network error: No response within 20.0s (req_id=60, type=authorize)
2026-05-31 13:51:40 | WARNING  | bot                    | API disconnected — awaiting reconnect
2026-05-31 13:51:40 | INFO     | core.deriv_client      | Reconnecting in 1s...
2026-05-31 13:51:41 | INFO     | core.deriv_client      | Connecting to Deriv API (DEMO)... [attempt 2]
2026-05-31 13:52:02 | ERROR    | core.deriv_client      | Network error: No response within 20.0s (req_id=61, type=authorize)
2026-05-31 13:52:02 | WARNING  | bot                    | API disconnected — awaiting reconnect
2026-05-31 13:52:02 | INFO     | core.deriv_client      | Reconnecting in 1s...
2026-05-31 13:52:03 | INFO     | core.deriv_client      | Connecting to Deriv API (DEMO)... [attempt 2]
2026-05-31 13:52:24 | ERROR    | core.deriv_client      | Network error: No response within 20.0s (req_id=62, type=authorize)
2026-05-31 13:52:24 | WARNING  | bot                    | API disconnected — awaiting reconnect
2026-05-31 13:52:24 | INFO     | core.deriv_client      | Reconnecting in 1s...
2026-05-31 13:52:25 | INFO     | core.deriv_client      | Connecting to Deriv API (DEMO)... [attempt 2]
2026-05-31 13:52:47 | ERROR    | core.deriv_client      | Network error: No response within 20.0s (req_id=63, type=authorize)
2026-05-31 13:52:47 | WARNING  | bot                    | API disconnected — awaiting reconnect
2026-05-31 13:52:47 | INFO     | core.deriv_client      | Reconnecting in 1s...
2026-05-31 13:52:48 | INFO     | core.deriv_client      | Connecting to Deriv API (DEMO)... [attempt 2]
2026-05-31 13:53:09 | ERROR    | core.deriv_client      | Network error: No response within 20.0s (req_id=64, type=authorize)
2026-05-31 13:53:09 | WARNING  | bot                    | API disconnected — awaiting reconnect
2026-05-31 13:53:09 | INFO     | core.deriv_client      | Reconnecting in 1s...
2026-05-31 13:53:10 | INFO     | core.deriv_client      | Connecting to Deriv API (DEMO)... [attempt 2]
2026-05-31 13:53:31 | ERROR    | core.deriv_client      | Network error: No response within 20.0s (req_id=65, type=authorize)
2026-05-31 13:53:31 | WARNING  | bot                    | API disconnected — awaiting reconnect
2026-05-31 13:53:31 | INFO     | core.deriv_client      | Reconnecting in 1s...
2026-05-31 13:53:32 | INFO     | core.deriv_client      | Connecting to Deriv API (DEMO)... [attempt 2]
2026-05-31 13:53:53 | ERROR    | core.deriv_client      | Network error: No response within 20.0s (req_id=66, type=authorize)
2026-05-31 13:53:53 | WARNING  | bot                    | API disconnected — awaiting reconnect
2026-05-31 13:53:53 | INFO     | core.deriv_client      | Reconnecting in 1s...
2026-05-31 13:53:54 | INFO     | core.deriv_client      | Connecting to Deriv API (DEMO)... [attempt 2]
2026-05-31 13:54:16 | ERROR    | core.deriv_client      | Network error: No response within 20.0s (req_id=67, type=authorize)
2026-05-31 13:54:16 | WARNING  | bot                    | API disconnected — awaiting reconnect
2026-05-31 13:54:16 | INFO     | core.deriv_client      | Reconnecting in 1s...
2026-05-31 13:54:17 | INFO     | core.deriv_client      | Connecting to Deriv API (DEMO)... [attempt 2]
2026-05-31 13:54:38 | ERROR    | core.deriv_client      | Network error: No response within 20.0s (req_id=68, type=authorize)
2026-05-31 13:54:38 | WARNING  | bot                    | API disconnected — awaiting reconnect
2026-05-31 13:54:38 | INFO     | core.deriv_client      | Reconnecting in 1s...
2026-05-31 13:54:39 | INFO     | core.deriv_client      | Connecting to Deriv API (DEMO)... [attempt 2]
2026-05-31 13:55:00 | ERROR    | core.deriv_client      | Network error: No response within 20.0s (req_id=69, type=authorize)
2026-05-31 13:55:00 | WARNING  | bot                    | API disconnected — awaiting reconnect
2026-05-31 13:55:00 | INFO     | core.deriv_client      | Reconnecting in 1s...
2026-05-31 13:55:01 | INFO     | core.deriv_client      | Connecting to Deriv API (DEMO)... [attempt 2]
2026-05-31 13:55:22 | ERROR    | core.deriv_client      | Network error: No response within 20.0s (req_id=70, type=authorize)
2026-05-31 13:55:22 | WARNING  | bot                    | API disconnected — awaiting reconnect
2026-05-31 13:55:22 | INFO     | core.deriv_client      | Reconnecting in 1s...
2026-05-31 13:55:23 | INFO     | core.deriv_client      | Connecting to Deriv API (DEMO)... [attempt 2]
2026-05-31 13:55:44 | ERROR    | core.deriv_client      | Network error: No response within 20.0s (req_id=71, type=authorize)
2026-05-31 13:55:44 | WARNING  | bot                    | API disconnected — awaiting reconnect
2026-05-31 13:55:44 | INFO     | core.deriv_client      | Reconnecting in 1s...
2026-05-31 13:55:45 | INFO     | core.deriv_client      | Connecting to Deriv API (DEMO)... [attempt 2]
2026-05-31 13:56:06 | ERROR    | core.deriv_client      | Network error: No response within 20.0s (req_id=72, type=authorize)
2026-05-31 13:56:06 | WARNING  | bot                    | API disconnected — awaiting reconnect
2026-05-31 13:56:06 | INFO     | core.deriv_client      | Reconnecting in 1s...
2026-05-31 13:56:07 | INFO     | core.deriv_client      | Connecting to Deriv API (DEMO)... [attempt 2]
2026-05-31 13:56:29 | ERROR    | core.deriv_client      | Network error: No response within 20.0s (req_id=73, type=authorize)
2026-05-31 13:56:29 | WARNING  | bot                    | API disconnected — awaiting reconnect
2026-05-31 13:56:29 | INFO     | core.deriv_client      | Reconnecting in 1s...
2026-05-31 13:56:30 | INFO     | core.deriv_client      | Connecting to Deriv API (DEMO)... [attempt 2]
2026-05-31 13:56:51 | ERROR    | core.deriv_client      | Network error: No response within 20.0s (req_id=74, type=authorize)
2026-05-31 13:56:51 | WARNING  | bot                    | API disconnected — awaiting reconnect
2026-05-31 13:56:51 | INFO     | core.deriv_client      | Reconnecting in 1s...
2026-05-31 13:56:52 | INFO     | core.deriv_client      | Connecting to Deriv API (DEMO)... [attempt 2]
2026-05-31 13:57:13 | ERROR    | core.deriv_client      | Network error: No response within 20.0s (req_id=75, type=authorize)
2026-05-31 13:57:13 | WARNING  | bot                    | API disconnected — awaiting reconnect
2026-05-31 13:57:13 | INFO     | core.deriv_client      | Reconnecting in 1s...
2026-05-31 13:57:14 | INFO     | core.deriv_client      | Connecting to Deriv API (DEMO)... [attempt 2]
2026-05-31 13:57:35 | ERROR    | core.deriv_client      | Network error: No response within 20.0s (req_id=76, type=authorize)
2026-05-31 13:57:35 | WARNING  | bot                    | API disconnected — awaiting reconnect
2026-05-31 13:57:35 | INFO     | core.deriv_client      | Reconnecting in 1s...
2026-05-31 13:57:36 | INFO     | core.deriv_client      | Connecting to Deriv API (DEMO)... [attempt 2]
2026-05-31 13:57:48 | INFO     | bot                    | Shutting down NexusTrade...
2026-05-31 13:57:48 | INFO     | bot                    | Shutdown complete.
2026-05-31 13:57:48 | INFO     | bot                    | Shutting down NexusTrade...
2026-05-31 13:57:48 | INFO     | bot                    | Shutdown complete.
2026-05-31 13:57:49 | INFO     | bot                    | Shutting down NexusTrade...
2026-05-31 13:57:49 | INFO     | bot                    | Shutdown complete.
2026-05-31 13:57:49 | INFO     | bot                    | Shutting down NexusTrade...
2026-05-31 13:57:49 | INFO     | bot                    | Shutdown complete.
2026-05-31 13:57:49 | INFO     | bot                    | Shutting down NexusTrade...
2026-05-31 13:57:49 | INFO     | bot                    | Shutdown complete.
